r_min,r_max,wind_x,wind_y,vegetation,abrasion
1.1937327907085256,3.4138818802547397,-4.014591406562583,-0.8640389727800591,0.0,1.0
0.6503964243185507,3.521244433143901,-0.6534637832766955,3.027965130385064,0.0,1.0
0.5101665508333109,2.0738446324941897,-6.389239224877051,0.5886777542430602,1.0,0.0
0.5936440907842977,0.9992746258916483,-1.0769193523365703,2.725109869025734,0.0,0.0
1.803140525887491,4.002518458725503,-3.56902298827185,6.733601816267313,0.0,1.0
4.776410861147864,7.078837813009331,-7.162395841336966,4.760394842849863,0.0,0.0
1.299038791720502,4.186829500804053,-4.7558950511499045,2.459024484206816,0.0,0.0
0.6582571766186214,0.9110751858141584,-5.153418894115777,-5.935021206998387,0.0,0.0
0.7475899700309006,2.317328182365776,5.0881608114584225,1.5905108761547933,0.0,1.0
1.747027464913383,3.6720617399696516,-5.9368578523939215,-0.24469563388426957,0.0,1.0
3.2151002142539915,4.546715782827798,4.463558297560025,-3.766512829982551,0.0,1.0
3.1781860548624072,3.271639267417706,-4.759301733263091,-5.5643150298254564,1.0,1.0
3.514809345960898,6.287801444856873,-3.063311692593006,6.244480763544362,0.0,0.0
2.3268125433183924,5.166480010406802,-3.3160860303311224,-8.213361868790674,0.0,1.0
0.5265921014081794,2.4553705467157165,-4.189644580466874,-2.8759202799571604,0.0,0.0
0.8144315364338961,3.216634239080479,3.165239638164062,8.735715048739655,0.0,0.0
4.483299624947577,5.089762655057795,-3.2011587854915415,-4.289260559960134,0.0,0.0
1.1094581055542485,1.6845904223209158,1.1978318327841555,-5.08144123662472,0.0,0.0
1.0687427769856883,2.8837589480763794,-3.0258898188885923,-3.084610188092328,0.0,0.0
2.006258348645477,2.538777450295683,2.059589023613716,0.13527508083094544,0.0,0.0
4.858782480364851,7.4795301340758895,4.486613675514202,8.148776670217421,0.0,0.0
2.9477453430583114,4.164108504313342,-4.915827085899121,-6.234328413094621,0.0,0.0
3.3865141802702743,4.2812072679651845,4.993847781561712,-0.3574350660332579,0.0,0.0
3.2827672073270295,3.3228274739007677,1.1412770371948227,-6.4959687844308185,1.0,1.0
1.6097066515539094,2.866522693706627,5.82434491091456,3.9834286638776133,0.0,0.0
4.861320708251486,7.091574612928028,3.1435414673052535,5.27601608042506,1.0,1.0
0.729673700112818,3.054494346417005,2.3588049840619494,-1.5944798701613059,0.0,1.0
3.334324905280132,5.66316890807609,-2.621160203778104,-3.1247410963927114,1.0,0.0
2.88951367011927,5.727448038129451,-4.763833401526836,-8.785767526508067,1.0,1.0
0.6182915894905372,2.857619873162979,5.628968294313072,4.046864082971547,0.0,0.0
1.6179732017366382,2.159020742327463,3.786824359898121,5.491507927386454,1.0,1.0
1.6930832396548623,2.8841813602569184,-3.4057430439817318,5.065697920438432,0.0,0.0
1.4691102055911816,3.83403657538692,7.926360175448543,2.1270266107299474,0.0,0.0
1.8118555099517595,4.289390858543668,2.2223037668461716,-1.6682928000729393,0.0,0.0
0.8799701362868406,3.10064991602018,-2.4610356014907007,4.24858174231578,0.0,0.0
1.0068002556961382,2.458577024088617,-7.60659369938064,5.610550644305113,0.0,1.0
3.2604580154251517,3.6321044802008466,-4.743757947170557,0.809508133362213,0.0,0.0
1.1427266522870732,3.3310020157926132,-1.2667970114605671,2.7018578089992604,0.0,0.0
1.2679205279760593,3.57885714466149,-0.06958332416410229,-3.9129696861472496,0.0,0.0
1.5483917430153478,2.81131605303994,-5.847034046489289,-4.555776286922489,0.0,0.0
4.500753714047679,5.036797562185974,4.267683609220986,-2.798180647998818,0.0,0.0
1.2240596203306369,3.81531509784857,1.886255805795527,0.9475972751974396,0.0,0.0
1.1456611561396928,3.0706276601468576,3.038252241971654,-5.533626574513507,0.0,0.0
1.5883493392967827,2.9569916761022057,-2.3740134485724695,-1.7204186359760207,1.0,1.0
3.1168821617893125,4.660953079432053,-3.861802533315372,-7.249264562852662,0.0,0.0
3.050157187869576,4.577466456919998,5.621251014097967,-0.3178141248234573,1.0,0.0
2.651919410222967,5.137792749600461,4.481249927071387,-8.303327063878095,0.0,1.0
2.002875235725012,3.13477871410925,2.740163522442313,8.095050941187331,0.0,1.0
1.8988199860533794,3.133570699602055,-0.49081564556996715,3.7702931269777613,0.0,1.0
3.3523327207564537,4.433646391215008,0.035600700209760826,2.0385906714702724,1.0,0.0
4.886318749322223,6.843405541418148,6.510347644741181,-3.188561137444195,1.0,1.0
1.7552734749631633,3.198048464963796,-8.04202549812434,-0.44929925597152587,0.0,0.0
4.903384305569968,6.767998891266641,4.72179137363864,-2.0489972201467888,1.0,0.0
4.994556839935876,7.885351392434496,1.1636487688343957,-1.6903458731723076,0.0,0.0
3.266582749937122,3.7964894882474907,0.7709504615088572,3.5850978127457576,0.0,0.0
4.13096706694796,5.589072263189127,-2.13037585522548,-9.407677382274857,0.0,0.0
4.533515883577386,7.294275339775551,2.046118103210515,-1.3039106014641728,0.0,0.0
2.32263781467117,4.339989614989143,3.4669744510719154,-7.874447367975221,0.0,0.0
1.4249057796024347,3.5721285294170118,6.242365000295171,5.808798198153258,1.0,0.0
2.6178379609224307,5.43408989792101,-8.191334170079115,-4.968331415065006,1.0,0.0
1.2460116099074954,2.005979697697385,7.551686740918061,-5.682471275547465,1.0,0.0
1.2681446167468242,2.7917477948205938,6.608284465589077,1.5752694409644026,1.0,0.0
4.698685585958128,7.062138099481522,-2.81945296130634,8.140870803105775,0.0,0.0
4.711250859456596,7.2008917552577385,-3.03773909364965,-8.177953266419385,1.0,0.0
4.866576456343832,6.100145961286366,-2.1534933168223076,-8.990399817694131,0.0,0.0
2.1313964719444947,2.5510680773530687,0.8863092940138514,-2.3186509500527737,0.0,0.0
3.4594505268229088,5.70528586859343,-1.9297989483356612,-1.8637873918066963,0.0,1.0
1.2269792898492433,3.47868127170178,3.6859790729710094,3.5290546407774976,0.0,1.0
1.3949058939360177,3.6917659033038928,2.083419656312528,1.4271295307493828,0.0,1.0
1.4282959566707674,1.4359585461079654,2.59292556660786,3.231162232227958,1.0,0.0
2.826057805172588,2.9440477578593702,-1.9814486776863574,2.9975618661503933,0.0,0.0
0.9142240593739064,1.1627763775497355,-2.310750625838568,5.874851607853625,0.0,0.0
4.459761218539853,5.49952657054971,-0.11282072237888313,-4.055671451971228,0.0,0.0
1.8139856965298629,4.066549078307384,2.7739327470441744,-4.459266446223443,1.0,0.0
1.2585146822639917,3.8992170296465885,4.887745828700625,1.670164774158796,1.0,0.0
4.403667309033462,5.180909322581149,-4.369540315881535,-1.544323297721565,0.0,0.0
2.935300268923611,4.922310072978575,2.170122434181677,-1.484448717304738,0.0,0.0
1.6547907834500153,4.654016573165295,-8.771584715305655,1.3462732275364202,1.0,0.0
3.5980102284522775,4.390435208612901,-2.6079810663978362,-4.875278848835891,0.0,0.0
4.7723837635011765,6.613483259907715,-2.929267719178065,-1.07921519959829,0.0,0.0
3.409986910364548,4.603211716626591,6.425798329716554,-3.148501623785626,0.0,1.0
3.298262146557445,3.7419125125638697,5.632685122169112,-1.9177836565940902,0.0,1.0
0.7553767588857164,2.196595513716364,4.047868765468486,-0.7280428733676446,1.0,1.0
4.905609276960299,7.596654389097821,-4.709654271224041,-3.203439836875263,0.0,0.0
3.7666170625616737,4.796265389416135,-4.414651329577609,3.3009596364587064,1.0,0.0
1.4860945238312164,2.405338412263589,-7.786961463582723,-1.1760276698848255,0.0,0.0
0.6445378649594133,3.1172928670012148,0.7086433634979457,-7.462421457032663,0.0,0.0
1.1784369662833198,4.073537928235968,9.365326836054047,-2.1932141114475905,0.0,0.0
4.492569706771043,6.67236636482709,-4.569381081790724,-0.2093927378776128,0.0,0.0
1.7295850259747625,1.8969207879481043,-2.7534189879090945,0.12471769884055137,1.0,0.0
2.3867189004543166,4.433011581617473,-5.589819196010032,-4.147129831490487,0.0,0.0
2.5958066625168223,3.4002932526132392,-4.513927049876249,-2.3582466034105787,1.0,0.0
4.4034633015068,6.051233335179429,-2.1481643019697376,-2.4793284083457734,1.0,0.0
4.341137065599485,6.92384566594548,-1.6717583938168354,2.0936841624424027,0.0,1.0
4.594599005917378,6.262775841111058,3.1863456255731477,2.617831164076167,0.0,0.0
4.903710942716187,5.219493159142831,4.613762119831729,-2.758662828429909,0.0,0.0
2.7869022366646434,5.264651372460325,-1.0262824764062313,-3.581230695796898,0.0,1.0
3.641940442919477,6.119923041029439,0.10468017621867219,8.734214908129125,1.0,0.0
1.9849223307211654,4.847801887594333,-0.24750516394652924,-6.519429243557379,0.0,0.0
1.0838867926682056,2.113426116607589,-7.606323290025836,1.816453031542624,1.0,0.0
2.692539593520972,4.183365780993437,-3.357661032493665,-0.1721424949243033,1.0,0.0
4.781876682972069,4.795971360679921,-5.444959222166494,4.8434263075675155,1.0,0.0
1.0308264356551076,1.180651965256891,7.343418924859539,-2.4424460169590825,0.0,0.0
3.8655276589721903,4.223725691212613,-6.2277864619168835,-1.6240869817998178,0.0,1.0
2.5685336959999523,5.013206551506612,-7.14161259588293,4.512236230269175,0.0,1.0
3.6663902839582487,6.559056354477867,3.3278849289706085,7.357068238960436,0.0,1.0
4.0160223867897145,5.736344309975605,-0.8010549683272623,-4.181827837428057,0.0,0.0
1.5347196539043075,2.356190888591191,4.113097316907871,-0.9504583804829599,0.0,0.0
2.5795624455917445,4.059624118802638,5.6922955180131005,6.4982569595609485,0.0,0.0
1.5782460280250095,2.6830087202396777,-1.8427137197016097,4.260195776843447,1.0,0.0
2.8569924609401007,5.628882440033506,-8.129714888244255,1.5195985459394674,0.0,0.0
4.574355257465145,5.076920462913247,7.875867984082863,-1.067579203296929,0.0,1.0
4.737414541466179,6.950955993750146,-1.8810795584872557,4.932859955543672,0.0,0.0
0.8921088670841897,1.482284765724127,-4.974301042818456,-1.60226496154083,0.0,1.0
4.121925120910664,5.043909605405944,2.404004021846669,-3.6424200286551534,0.0,1.0
3.0297784103784005,3.920761555935789,4.177372247214205,-6.222954335198481,0.0,1.0
2.1799683942275885,3.579986773028598,-2.5647189548003726,-4.4968895788995065,1.0,1.0
2.7460995500860994,5.474917193296845,9.589243017708329,-2.817156354483441,0.0,0.0
0.5322822238665026,2.677312695364999,1.1175124568267139,1.952411023116362,1.0,1.0
0.7509369918443471,2.4722000108392006,4.944542426745833,-4.158989720400908,1.0,1.0
4.165967274262611,6.708557714525486,2.2510419668063593,7.716148352792084,0.0,0.0
4.910801442837336,7.308359399395549,-6.627071741903856,6.695584354536746,0.0,0.0
3.683716588895456,4.26264108370596,-3.90840776934033,8.360710534264447,0.0,1.0
4.533680857634188,4.967247899140252,3.5601163707101167,-4.201480098822348,1.0,1.0
4.0781468415603666,6.49560129547991,-3.900190809077646,-3.9445684238700327,1.0,0.0
2.3243029218946534,4.039785186858113,-1.9584553298402985,-1.8383252486313466,1.0,0.0
3.0948203307572935,4.056785957758931,4.125653095637263,-6.185680279993579,1.0,0.0
4.4790185900070565,7.125122175525688,1.1529880035905675,2.218601987597541,0.0,0.0
4.261024722602304,4.358124731581909,8.186001109254589,3.4946261198790016,1.0,0.0
2.100780192587497,3.293743975016301,-4.272617659198014,7.97487554944365,0.0,1.0
2.8419646623370065,3.171645667659527,-7.896664308909697,2.8305659751580183,0.0,0.0
3.4218617368652047,6.130348930460688,6.673829858668915,-0.689715844269049,1.0,0.0
4.187181509095146,6.293655564284563,-2.4197283480261143,-5.825001140412411,1.0,0.0
3.391464766725573,5.180225322225105,3.5215163957929385,-2.5238750520585413,0.0,0.0
4.190052679524231,5.685885119441134,5.902385950238203,3.7758587262466516,0.0,0.0
1.6662276383726655,2.1434259583865476,4.100869472871077,5.303176788987052,0.0,0.0
3.1748228511859415,3.7993139499908044,-2.1389118955710424,3.1108462220723347,0.0,1.0
1.7127313527783525,3.4999935360019534,-1.3983433969306722,3.1227989058813703,1.0,0.0
1.4345962346036858,3.697675193053848,0.22351077022458002,-3.397755999887418,0.0,0.0
4.442216931661113,5.594497898830509,6.947986096076156,-6.008801017664413,1.0,1.0
2.5369044359541073,4.7493927188986556,2.382135739516535,-2.5802907424553756,0.0,1.0
4.351516645194351,6.6765893060093875,1.194590843600789,3.115902865654442,1.0,0.0
2.199361886785895,4.194238176785122,1.4095043724694503,-1.534083604955782,1.0,0.0
3.3479523540127745,5.0911472552865575,-3.0331849427839246,-4.6968759163501215,0.0,0.0
4.524242804539821,6.068133934036943,-2.8305816123350085,-0.8777358279142898,0.0,0.0
4.183942551879783,7.115140643442713,7.676407141501509,5.17589874638927,0.0,1.0
3.4243969337097284,5.422438622817197,0.12620551105853794,-6.859413573792715,0.0,0.0
3.6048594211641425,3.7780534066919502,3.848203422501549,1.2638389756555517,0.0,0.0
2.837797155789446,4.200696917753099,1.812514693297126,1.7224999929926672,0.0,1.0
2.4332656849253183,4.327346102514933,5.687741898564464,-1.610526395646011,0.0,1.0
2.867815531826281,4.099576495800247,-0.18547706693083915,2.261343724807484,0.0,0.0
2.7311846385026444,3.576241404252799,-3.1585615764406643,4.484618944479434,1.0,1.0
3.510214921416862,5.754010897758491,1.8368289225138563,0.9282613471496689,0.0,1.0
1.1616030440521032,3.6395541720229425,-2.27238628825359,-1.3163323334949386,0.0,1.0
2.0296919249725307,4.4807474739575515,4.450449915919151,-0.048565185792880834,1.0,0.0
4.173642858657278,5.877319869148748,-4.251937090570318,2.5768723682059185,0.0,1.0
3.1314385813037844,4.309636981434679,-7.322190512361449,4.285709305900068,0.0,0.0
4.446877849203133,5.626779839964042,-5.057303636524718,2.812001813037654,0.0,1.0
2.900314204786225,5.636427845814922,0.28891518229302365,8.448731057480902,0.0,0.0
0.6963016151733581,2.868731424789251,-3.314352014679157,1.8605889042792505,0.0,0.0
3.023616975434674,5.655051671808684,-8.404094675475712,3.1844036262144453,0.0,0.0
3.120327298621624,3.8459807694926607,7.259367799488909,-6.263398705287257,0.0,0.0
4.01946905816764,4.606633349599576,-3.041652108983138,7.390939121955079,0.0,0.0
3.8256239526718137,6.626388259416179,1.0007233949213163,4.716633029702122,0.0,0.0
2.7048488375693833,5.31525599566052,-6.363326581706069,-6.488602770779292,0.0,1.0
4.310054366304047,7.286533203819935,-2.1888658515529635,4.305645770618148,0.0,0.0
2.140629718703042,3.5891779591758803,-8.463667167065205,-4.050930409372783,0.0,1.0
2.531760889736353,3.3651213287630704,0.6423910514410545,3.136489687235031,0.0,0.0
2.2422241796784097,4.7395033333159216,1.447705576061962,-8.56111609044228,0.0,0.0
4.570799409704738,5.8893418921017675,-1.9417269781084314,8.686677405753676,0.0,0.0
4.042154256527631,5.013161312651283,5.506482844194917,-2.9154191054677723,0.0,0.0
3.3412983871163955,4.834187060001541,-3.1845885435851273,5.928657814471652,0.0,0.0
0.757416375332001,2.283149746527289,5.30963174284635,-5.383227785540787,0.0,0.0
4.720422918873906,6.53167859354736,3.66798457753019,-0.14493377913766736,1.0,1.0
4.158321713591757,6.317937648260148,-2.2732028471059382,4.920438584362338,0.0,0.0
1.856279156680192,3.9810001271021793,1.9790638262881146,-6.62241531205586,1.0,0.0
1.067260239381059,2.0893993257427934,2.573237300111179,5.675921369865071,0.0,1.0
3.607172817933051,5.606583731349188,-0.30330539006340335,4.386447212405682,0.0,0.0
2.243192929119332,3.7130855993306993,-0.3103427880018059,-2.7155948147607765,1.0,1.0
1.2974106981741447,3.603385220045401,-0.4830817284544136,-5.201898458105581,0.0,0.0
3.998275369234074,6.205869469501963,-2.1019195572325047,-3.7973861459609477,1.0,0.0
3.0703448353760385,6.031728589917403,3.717079849295209,4.168055733649641,1.0,0.0
4.710140212924489,5.6864900021353915,3.2315501622222933,-7.751529629742297,1.0,0.0
1.7841575741593128,3.783731083799254,-5.50439545719098,6.739548286204606,0.0,0.0
4.70886866630988,5.613011282528952,1.9078977347300163,4.54112696164162,1.0,1.0
2.496079564130127,3.3904074534825415,-0.853715678666869,5.643733226296963,0.0,0.0
1.2883054407083028,2.96553752302165,4.4915208384030185,1.2746211642081597,1.0,0.0
2.829650763236735,3.2174833649354952,-1.4064154386130343,8.212973481974096,0.0,0.0
0.5581145949362475,2.952276749621454,1.5766790261600765,2.199209658432061,1.0,1.0
3.6893655324255885,5.7437086021445225,-4.565434381958717,-7.6549611716661365,0.0,0.0
2.359600515650892,3.1240719521836264,-5.728707537437291,-1.6351917416707644,0.0,0.0
3.5194449758873523,4.085939805015471,8.139092563472483,-2.333219722222447,0.0,0.0
0.9508262789754763,3.934654675117321,-5.675609563900991,4.685368134559312,1.0,1.0
4.39648227782172,6.188848638034443,3.3796512983232336,-4.569809932268474,0.0,1.0
4.046253180774379,4.228374454298211,-3.571693889044236,0.5855510130869996,0.0,0.0
3.3787826987618397,3.505123583381879,-3.7073984495445718,-2.9881437378246543,1.0,0.0
4.334472852783571,6.032261580908977,-0.5230481428810525,-7.35305347081439,1.0,0.0
1.934397431826821,2.012146613699033,0.3586618781171662,7.486431727975527,1.0,0.0
1.4105777900495695,1.7383263522460397,3.399031147997983,0.904076018819392,0.0,1.0
4.820062076576756,6.601577154422085,1.881614532246808,-2.495623753161167,0.0,0.0
3.690700187280198,4.9621582246430425,8.944418315625636,3.4035919429505888,1.0,1.0
1.459956986847984,1.9125350504078824,-6.159135792680358,-7.58755647269076,0.0,0.0
2.1076104379629834,3.2306617892921703,1.4482676157811007,3.543888538263949,0.0,1.0
3.038259874559064,3.9146800181458397,9.426984434433905,-2.1439079752903076,1.0,0.0
1.9717076904636035,3.0114410253777963,-1.6626590673232682,-5.855698884821411,0.0,1.0
2.095887737730261,3.3432891050298195,9.468897335893567,-2.1483719765147296,1.0,0.0
3.9201105635191467,5.9614138575080435,0.7763269243470441,-2.774955846219438,1.0,0.0
3.9888618783659084,5.455734023718119,-2.648412633790787,-0.853676032723424,0.0,0.0
3.965479984562403,4.512992479058036,-1.51561747541946,2.2628937101535818,1.0,0.0
1.2749379085131096,3.2633208207633633,-4.106500897604591,0.08777751289421443,0.0,0.0
1.1163471507648421,3.881707762408132,-4.697900106528848,-0.8906148374174458,0.0,0.0
1.5105042785061686,2.7422338579592793,-1.0528361534279589,9.118987689116006,0.0,0.0
3.0304106208284916,5.907916415266787,4.290937443504077,-1.3687499932030505,0.0,1.0
0.9803715692046288,3.692712451130041,-7.838423027695898,-3.076283843965639,0.0,0.0
1.172695645869422,3.9838984457409308,3.7915051042307146,0.4621029467767723,0.0,1.0
2.3751034273316742,2.7357817639524065,3.4396566035152003,-1.7174435571692368,1.0,0.0
1.0198146823326721,1.1559475723261858,4.696639172097116,-2.9089166728517126,1.0,0.0
3.3792130209368283,3.8363883109298977,5.810374593893089,0.04084807870765474,0.0,0.0
2.294454646581219,2.585047489231276,-7.96889967419967,-3.5177037355304055,1.0,0.0
3.408596854706088,5.9682084067242736,2.5109027410363747,0.5886991668374254,0.0,0.0
3.733826689537124,6.510609528743363,8.239018767597255,4.070179405278053,0.0,0.0
2.678579084852939,3.6658617595506904,-3.4325626678035177,0.6646706371887522,0.0,0.0
4.868019680667104,5.571690516432365,-3.4185315875533417,1.6568174984862227,0.0,0.0
4.04245487448372,4.8716859502714716,3.991725653845981,-0.07248945852429292,1.0,0.0
2.9686854384861414,4.438977683808674,-0.6354455986806886,4.3536120009046,1.0,1.0
1.3015957230510922,3.573093085748367,0.2560723817200233,2.049488299495156,1.0,0.0
1.0472877399874636,1.668503271368476,7.919844886253395,-3.517334222362011,1.0,1.0
2.4213648244422954,3.2045688173897235,-0.5346376338439556,-7.52413070636539,0.0,0.0
4.179356943224308,4.563578451187739,1.9567960835792277,2.0968776030796112,0.0,0.0
3.6533708899303083,4.486926357867755,-4.640140384910984,6.66682777728339,0.0,0.0
1.6135793166919785,3.4137905734157767,-3.861012607758449,-0.5685390769285823,0.0,0.0
2.2670648584316124,4.484714512581867,-7.064714372053754,0.029002106752099556,0.0,1.0
3.325541776066726,3.677806063921576,-7.6556699943016575,2.127657452667137,1.0,0.0
1.2272072708988992,3.7866884230760314,-1.5194115284423007,6.822388587725389,1.0,1.0
4.562819801657966,6.269014848647908,3.4863716554499,1.4500296560834656,1.0,0.0
0.9867724637116522,2.8213998022872584,1.1514635776184863,-4.3234126493900416,0.0,0.0
4.9321434864760025,7.855297525516348,-2.289276247904554,-5.039569570334284,0.0,0.0
2.4525530551459345,3.4078409853128337,5.619678140419829,-5.014782770005038,1.0,0.0
4.056001655277561,4.773128380531707,2.360051486952892,-5.022428069877876,0.0,0.0
1.8369148052825397,3.666672514614499,8.8648596030549,4.225808844251998,0.0,0.0
4.102552836692845,5.889615530191086,1.2907578585615842,6.191485926623619,0.0,0.0
1.6476078374800596,1.9652875478818999,-6.474257395763713,-2.465895335818172,0.0,0.0
3.125622399807359,5.0863037632010695,1.3845158434311138,4.361874073937312,0.0,0.0
3.1163502310297506,5.009348500869676,3.5143432372160044,-2.6107467795622,0.0,1.0
3.105094163299474,3.895561474791638,0.365598157197158,4.02558937667195,0.0,0.0
0.6269956398652099,2.190839637904406,-3.1629107010768505,4.665946791973858,0.0,0.0
4.471438110516802,7.122197223428742,6.075012301964106,0.5022419796370925,0.0,0.0
4.715343425214389,6.989482202113869,4.497703710731005,0.6174049261713908,0.0,0.0
2.997157708896896,5.185128778801763,-2.4591087281807473,1.755057447388465,0.0,0.0
3.105663163543667,3.113199721555553,-2.180341101458436,4.238183967373637,1.0,1.0
0.9176856303567483,3.3151034596622275,2.779980905076758,-2.182789231201319,0.0,0.0
1.322599374275195,3.6549601095233104,-2.5823458691538974,-0.5221792857504505,1.0,0.0
2.711821142236204,2.9947124928391977,2.098941022662452,-1.1228653396715966,0.0,0.0
4.363574797747374,4.495127664322398,2.004421195234488,-2.1999451982628577,1.0,1.0
1.762058705625605,2.7284962697748445,2.270565909349289,2.7735478993292384,0.0,1.0
4.745999540998919,6.747171672347811,2.396052056193761,1.870198050653403,0.0,0.0
4.6209783127092265,5.805890480750007,2.0348903734926473,-0.2365998329146798,0.0,0.0
0.6486048671314797,2.1143880626318587,3.0100213926375248,3.6089992061507177,0.0,1.0
0.6037688594414058,2.193388602809842,2.103642628135643,-0.22652607509689482,1.0,0.0
1.707543719844526,2.7878483290544978,3.680076921306759,9.13234769498325,0.0,1.0
1.3706290531071936,3.0850376868778757,2.977553563523627,7.0858946200119,0.0,1.0
2.898335758184145,4.54837116537408,3.412719341184425,-7.4228430690656015,0.0,1.0
2.8003812918536464,4.033366093229963,1.9643003140636488,5.989761558740912,0.0,0.0
1.9182121768705207,3.3547113095274828,-6.54136810694594,-2.7412507810581324,0.0,0.0
3.602019887338347,6.291488407903826,7.400496138215621,-4.15910324226376,0.0,0.0
4.813541709866787,6.8149694600752175,7.718131244987023,0.16460781852959797,1.0,0.0
2.913673813387252,5.9121127071444635,-4.4834807537311585,-1.0762312132308118,0.0,0.0
3.049253410544971,3.46038735215247,8.834186533317485,-3.4519847529000374,0.0,1.0
4.27156506758688,4.991489389683853,3.672874699057219,9.043626214777973,1.0,0.0
4.982578676575277,5.445705777603562,-4.182204364464298,8.846365680473834,1.0,0.0
1.08247054349296,2.0779984398304223,1.269135730284064,5.346566460121331,0.0,0.0
1.4222878391045648,1.4519932982594277,5.444103228605419,0.36293155943673294,0.0,0.0
3.146516714511717,6.1283208000323555,5.910492528218258,3.479965730246692,0.0,0.0
4.220202767038912,5.355185261502321,7.457233072067428,0.5497350136585285,0.0,1.0
1.2218981806834461,3.06052872920474,1.2306463208912057,6.868909894790092,1.0,0.0
3.0815810811039253,4.08214772152043,4.098431237940351,5.965111964269219,0.0,0.0
4.991897770132701,5.116495707105265,2.0436607027376787,-2.142581575421067,0.0,1.0
0.6935326139245297,2.640492993065093,5.770363587286048,-1.4565812572305932,1.0,0.0
0.557993002286032,2.4164250513529257,2.4871903135380005,0.8342683508999447,0.0,0.0
1.0422046518087722,1.8055544635981442,0.8336521328323327,2.7459133193928786,0.0,1.0
3.2056180074131415,3.9884405999499557,1.332876022138749,2.6035845984851242,0.0,1.0
1.66702946465306,1.9674258702834528,-3.3456096248436924,-3.881929378588033,0.0,0.0
0.9010098412108184,3.704247368065718,2.4648645906280824,-0.9590286882701229,0.0,0.0
1.9584830639709443,4.439586590998312,1.521393560949049,-4.915771921107917,0.0,1.0
1.4707824035438668,3.6498400113201415,4.976253024105676,1.9696027945740133,0.0,0.0
4.156576402544144,6.4943390951697015,-4.204272984487393,-0.33969993035481927,0.0,0.0
3.8868671626729965,4.557837803152158,-0.6168024860052742,-5.938875142705666,0.0,1.0
0.9428636036723171,1.9257059673364365,-3.512654623750724,-0.9823636538715889,0.0,1.0
2.5712470704259998,4.982352842461809,2.883167436129778,-2.4803932356014435,0.0,0.0
3.2585199910967,4.470553625046353,-0.30650891538794955,2.9008552011875848,1.0,0.0
0.9804943717495831,3.3508585467693788,2.1766703954843623,4.728552017743359,1.0,1.0
1.497071462752852,1.8615910653969758,5.081384555037044,-7.742100675954247,0.0,1.0
1.1312140132691615,2.587376108503755,-4.590744957622983,6.0698314794544075,0.0,0.0
4.060122813395843,4.511401100058346,0.5083479462814503,3.111682716098885,1.0,0.0
1.886007082386981,4.620614844797084,5.247592518028518,3.617846551564383,0.0,0.0
1.567339491635466,2.9644406622576582,1.891820205346291,-3.171264651487096,0.0,1.0
2.696940217273631,3.573936608658401,0.6770388077903063,6.732204158341701,0.0,0.0
2.8794309956570334,5.513998536057601,-1.202927117617542,4.755023162049851,0.0,0.0
4.556828559679889,5.589149599944491,0.5791703671819576,3.0387653024624215,0.0,0.0
4.204423579703324,6.486482941928785,-7.243328737761713,-6.596008935151067,1.0,0.0
3.720608915354787,6.4363348038036055,-1.6286115223274154,2.345884348987665,0.0,0.0
1.5908587075795075,4.130268412926291,4.751890291450746,2.713755808287697,0.0,0.0
2.37810761274943,4.787879534717371,-0.6028542284735916,6.066083760464435,0.0,0.0
2.1828480719400254,2.708382141747953,-7.804512614586487,-1.906739734304238,0.0,0.0
3.4287174842677968,5.126622281421271,-4.958149992348027,2.4311723148599937,0.0,0.0
1.1051245353616732,2.5827887428125194,-2.350499151123512,2.198181853068291,0.0,0.0
4.620485216190698,5.452249285638193,2.1530389262251926,0.3340349534392037,0.0,0.0
4.119274207277735,6.901578159393088,-7.746203163743307,-5.63960542574265,0.0,0.0
0.7505308502760237,2.5771485182544036,-3.678581092978437,-2.7841397348824457,0.0,0.0
2.0545748078104342,3.8588657453747315,-2.9090908419909285,-4.734168369843866,0.0,1.0
4.895101494814827,7.600267145910562,3.0632465716817,4.692232481921356,1.0,0.0
1.5190330962587741,2.9544772208028114,7.798680515597404,-0.6208168723064443,0.0,1.0
2.7358433994521545,3.9881073884805227,4.278379155572424,-1.4211915709678435,0.0,0.0
3.8988844770252196,4.729573967790617,2.688689129703051,0.876638458902798,0.0,0.0
4.283255977393671,4.667825490456179,-1.5312444023904612,3.778216474293719,0.0,0.0
0.7111128533038593,2.3135158199237584,4.268196090708337,5.3474119920549645,1.0,0.0
0.7755339952396181,1.9363566649622466,1.9763816291869176,2.6502540449435874,0.0,0.0
1.8750445652477012,2.0437314675671923,-6.279704866909506,4.100199628325078,0.0,0.0
0.7421989173846646,2.186924585645948,2.5904682263576664,6.996195807409667,0.0,1.0
3.022582279350061,4.862376791439752,8.682716476802135,0.40157828135452284,0.0,0.0
0.8367815070204755,2.7343798651691773,-6.423987889132823,-1.4825816074635578,1.0,0.0
3.5772846369701146,3.6543372395225178,3.740802229934781,5.087892423485869,0.0,0.0
3.6127033783481437,6.482056198426837,4.259367298600905,-6.539233367531004,0.0,1.0
3.2585534676747665,5.775072795396754,-3.216884247061041,-0.6225315330230284,0.0,0.0
3.569827480991969,6.192578180613228,-1.8091438554900061,-1.367097306185619,0.0,0.0
3.605584855091452,3.9737305825558957,4.351265924952473,-3.776678901455756,0.0,0.0
3.265611601094313,4.935871580263857,5.769552178730145,0.8684324187077469,0.0,0.0
4.992408189121858,5.737879335058826,0.6001437402366108,-4.843436921688558,0.0,0.0
2.003950139881643,3.866824358206661,-5.608384442331146,5.897016660081165,0.0,0.0
4.5599075742533515,5.925020476311264,-8.601656193395653,-1.3368249564428205,1.0,0.0
0.5479503101645614,3.388617120535998,-5.141697560915505,7.846785227510519,0.0,0.0
4.421546317834061,5.256146114814354,-3.10561154592818,0.8966006095346423,0.0,0.0
2.4022335644518744,4.260416455684353,-3.966808334444626,0.8244931316268422,0.0,0.0
2.488250671450715,4.2124971563305005,-5.1899186554010255,2.8664798311942703,1.0,0.0
3.883348726503573,4.656766629310794,-2.57615766326888,1.9342268437795818,0.0,0.0
4.696619988468957,4.983741543781995,3.067749495776471,3.108039194589129,0.0,0.0
0.9646952995341287,2.289614008475372,5.54531401930282,-2.415743673346278,0.0,0.0
2.1517018186894363,2.8786054809938384,3.944980433185429,-3.852375761378536,0.0,0.0
2.0162228854133515,2.8073806970646147,-1.298467527717446,-1.8180419748002086,0.0,0.0
4.469546388967112,5.86654405112729,-6.9387552193265485,1.167395939629225,0.0,0.0
0.7403290448662796,3.255010622943911,1.696428333513509,4.357787346009855,0.0,0.0
3.78086772673247,5.574581364213914,9.251835020415204,2.698126558454723,1.0,0.0
3.2424996452457906,4.184536771191089,-4.568525280308865,-5.88516916941699,0.0,0.0
3.6938105511962016,3.8179134612591965,-2.9187481905293287,-0.9890039932650012,1.0,1.0
3.598802602116884,3.8499560670083133,2.8909113311598498,2.982968052116219,0.0,0.0
1.7899325806670414,3.33101156640808,3.8013151869881567,9.212393909711029,1.0,0.0
1.7220638758749718,3.9774921159039582,-2.5970155550657505,7.644015866929797,0.0,0.0
1.022035289623075,3.2481215224864277,-0.9859073621484108,4.3580206642840755,1.0,1.0
1.584865615375951,3.014951494902345,0.09064710509716599,-2.2332411187556023,0.0,1.0
2.0107390988600224,3.7350130376996864,-6.483272926448639,3.899493722254617,0.0,0.0
1.2635798786932093,2.02259436884861,6.49926495732959,-0.11336746733614353,1.0,0.0
2.069765134294538,3.1647042644994268,-6.623607854193524,-7.020234242212837,0.0,1.0
4.84149146321203,6.354852103729459,-1.3902306575702774,-7.2169186581146185,0.0,0.0
3.8336268120605457,5.892997451914976,-3.4924883219769165,-4.040801643554962,0.0,0.0
2.123111926871789,4.740784253507112,0.4188423158395412,9.218012594710817,0.0,0.0
3.5559907058472495,6.009113736308219,6.702153209780292,5.608672961884464,1.0,1.0
2.1270722916406686,3.0602819930830307,2.8622942745575104,0.06370544864705296,1.0,0.0
2.51916466861426,4.750170191542223,-0.4314242024366465,-3.192068023939217,1.0,0.0
1.6634427954561002,3.518172792233737,0.8398968382402646,3.6899295115444097,1.0,0.0
3.6606564368718693,4.871628511277186,1.4934549366280032,5.7096654875588815,1.0,1.0
2.9362892122543744,3.828536917112042,2.2450943065491367,3.169900039578388,0.0,0.0
3.7469096641301314,5.622861328607117,-9.168206940934589,3.3856302410952503,1.0,1.0
3.594337361052802,5.163196325813965,-2.9204316386426195,4.063377862517587,0.0,0.0
0.7064747085751685,2.4844485665603564,2.7367311134081325,-6.447299984526951,0.0,0.0
0.9223671594735947,1.0442672520748837,-5.259819355597411,-5.312592068998171,1.0,1.0
1.8882962380518085,2.8760949758863408,2.447228572231616,1.820114613926443,0.0,0.0
1.412297885288593,4.174799182949001,2.603869465831141,-2.7024705014102857,0.0,0.0
3.8384935937854086,6.152330440563347,-7.498560755826624,-5.8347194844224175,0.0,0.0
4.400835708816112,4.702230305694179,4.83716573825989,-5.243688691152495,0.0,0.0
2.072559926968218,2.745360029311401,-2.390106865773125,1.9886708912209383,0.0,0.0
4.506520420681324,4.929170912029016,-3.8488778943008595,3.227233393852965,0.0,0.0
2.942244374860382,3.7634091433848953,-4.094594388942022,-7.225199590120346,0.0,1.0
2.5409363920602113,3.4715887466147333,5.183036333697563,8.471732539665581,0.0,0.0
2.068745599169126,2.2513095407154555,-3.8230578876970176,6.811430801985933,0.0,0.0
1.5062856336008266,1.7940940851808271,-1.339213829318922,8.872823759768519,1.0,1.0
2.0244570923517307,3.605916252606021,-5.966540443077806,5.4331620031341314,0.0,1.0
2.4085670771672527,2.8293116290091964,-2.6983612196609843,2.073786882359302,0.0,0.0
4.443086516460232,5.495302758682687,-6.729588601179991,3.583395221207598,1.0,0.0
0.9685373893730977,1.2805953547600644,-2.6662727121555188,8.023059949677576,0.0,1.0
1.054570888709556,2.0350937630894177,-2.1638082916317476,-8.740800190246837,0.0,0.0
1.9512484718866456,4.637586793301714,-9.587184844338813,-1.2543786450342769,1.0,1.0
0.9947539270032024,1.0578651715724496,-2.4445864307412704,2.071025836130653,0.0,0.0
4.275375716310517,5.758412505592004,-0.08145088445044518,-5.874016205773346,0.0,1.0
1.1159639938652806,2.3707108582420666,7.839950331424603,-0.3781233276019182,0.0,1.0
2.3003402273993236,3.046055600084628,-0.11344077717908445,-7.552632742185859,0.0,0.0
3.472242540659078,5.187356141124946,3.632635263021345,-1.4501834761190129,1.0,0.0
3.471329586307191,5.293394374341429,2.353496095586852,0.4732529047903493,0.0,1.0
1.8321617767839402,2.438290099351526,0.3637833564624786,2.811296455134912,0.0,1.0
4.2851472941864435,5.260056039590473,-1.8362716534154078,1.9977635801323683,1.0,0.0
3.243511753438399,4.51427520856514,4.526624400557053,0.013036239919610509,0.0,0.0
1.6382702364410573,3.139136018727916,7.796551047602469,-4.304849608387876,0.0,0.0
3.00152424254757,4.311911894901016,-0.15214589232624517,7.90322563547649,0.0,1.0
2.7372760925629462,5.270599572157693,-3.1685896107317633,6.185729399582109,0.0,0.0
3.2286175697246406,4.632961332558134,-4.361297667915703,-4.828866376162063,0.0,1.0
3.5627081841255146,5.089807898487321,-1.443558290841695,7.6337071129698115,0.0,0.0
4.030563112137894,4.672124858087852,-5.2372839219737,-5.44676868479319,0.0,0.0
2.408122840844703,3.0983974800589884,-6.338256327230045,4.981846326203104,1.0,0.0
2.4688048465055044,2.795631739438125,-3.091792204643755,-0.4221102494172664,0.0,0.0
0.916081139589958,3.4024982522749734,-0.8659530578907296,-4.534528058922131,0.0,0.0
2.8973740490395747,3.8914618083798658,-0.04008530776862662,3.0711409101056493,1.0,1.0
3.134257732857249,5.274815134703134,-8.903660243899703,0.8501121618135405,1.0,0.0
3.085710648950538,4.95350377648366,-3.3934836555114125,4.8705659546434585,1.0,0.0
0.7069776599414506,1.8747715624586265,-7.891945245759954,4.3221795334142525,1.0,1.0
4.551466172918058,5.510257709157766,5.2307947694524275,7.9978330697626445,1.0,1.0
1.1688604134516998,2.6316688493520193,9.57402067164787,1.2805885414338458,0.0,0.0
4.459295683048791,5.393275194530355,3.594152874973104,-0.30558750036657073,0.0,0.0
4.177741822744353,4.399487555247443,-4.836447444742403,0.5907666490493256,0.0,0.0
1.9220107167618763,4.617491441759225,-2.6440587392624884,-3.2431337561833273,0.0,0.0
1.54325607706966,3.8551283499539166,2.9953254626818167,3.637720566943153,1.0,1.0
2.0578833693787724,2.989290884177215,2.415892086146812,-7.921924104998064,0.0,1.0
3.528092817098901,6.403529761617368,-3.9595397101676872,6.375814342105908,0.0,1.0
4.422481188307199,4.700015129463067,0.8074733166280158,9.885163214247287,0.0,1.0
2.235246418443121,4.835723992327469,-1.5923271943785295,5.043282085311615,1.0,0.0
2.8374670048229103,4.60941633690065,0.7145177985028698,-2.603158741419091,1.0,0.0
3.991837830274844,5.632223904254511,-0.9842861140460386,-2.018996015284954,0.0,0.0
1.1089374421257712,3.9269808243130826,-3.937883470774752,0.5993806836893787,0.0,0.0
4.645415290508336,6.246099621394948,1.093785062566656,-3.1802693191409124,0.0,1.0
0.5560272566755607,1.6517953200696103,-1.6871834521080935,-2.4487075539332745,0.0,0.0
3.358856328791662,5.137949632461391,3.4222363030424834,3.4639316103265925,0.0,0.0
3.503606684112711,6.284295571533528,0.7956709191578187,5.5322064391425485,0.0,0.0
4.801028643952601,4.883284963117345,1.2912799305994132,-9.901309247505852,0.0,0.0
3.933708220032866,5.843356058370601,0.7978678445799503,-4.371627278221862,1.0,0.0
3.395028686096188,4.327731021701936,-5.203077475761183,-0.10805145433239366,0.0,0.0
2.489308033866438,4.234852528544499,8.996793182936129,4.199652314699908,0.0,0.0
2.7015759057650905,4.07125814501203,-6.106678509283853,-1.6689044520635201,0.0,0.0
2.9584638468188618,3.67991700421577,4.532438238324153,6.686082374703512,0.0,0.0
4.6725155713434665,6.98180652895244,0.01515799076054756,2.7558023515994083,0.0,0.0
2.910520230533044,5.1636776582888695,-4.703326672859473,-8.272628669739628,0.0,0.0
0.8607282842043835,2.8440730605059206,-4.669708208143221,7.018402867577669,0.0,0.0
3.211535023676002,5.618370824364373,1.2239297297116127,-1.9649317006637157,0.0,1.0
1.2650221145974534,2.3981965300422754,2.447816495120009,2.5440240782245866,0.0,1.0
4.228626306649292,5.3924454401938,1.0647840801852428,2.081728078158139,1.0,0.0
2.5262262476335655,5.153160196147878,-1.288085581822693,-4.228152733324638,0.0,1.0
3.504152101806822,5.269928648688742,9.152103441400422,3.290637863245996,0.0,0.0
2.8508675173199327,4.1618046480255355,2.3451370699097915,2.326014848789252,1.0,0.0
1.4983858292638839,4.343125799922882,0.22449574136052564,-6.750170192900009,0.0,0.0
2.124315113228974,4.417358295996342,-7.884854585221815,1.8379981103790846,0.0,0.0
4.083801578078742,6.597729864180023,-3.387235762836601,6.952193681208097,0.0,1.0
2.089435562035409,4.803378511002076,-2.622459883902535,-3.7251256025277932,0.0,0.0
3.437761084338141,4.809103377474446,-5.479381526454171,3.4636401376174133,1.0,1.0
4.475388692995511,5.620370663463949,-2.3852975780226005,-6.706969983716284,0.0,0.0
4.863390248936709,6.558014495889112,0.008698641196420175,-8.945197922822395,0.0,0.0
3.929661930128405,5.105203264168483,-4.0999819054620685,3.1516659657054813,1.0,1.0
1.6506772850574056,3.384305649470574,1.2473106244561614,4.69337678650649,0.0,0.0
1.3816404944417584,3.1771106736807146,2.336141405447939,-2.5414245668854623,1.0,0.0
3.054341364984016,4.417791583269998,-0.04545500496161731,5.2688093233504825,0.0,0.0
1.3405966759559769,2.872975569185689,2.4462956069407986,0.19208118088151463,0.0,0.0
1.8931860588630585,2.636339984385867,-0.7022172183958758,3.782255052468064,1.0,0.0
2.0057770300421343,2.126856590691288,-0.19596704591308364,-3.775138198432068,0.0,0.0
3.9136959584600577,5.8172941770897175,3.7282403788559475,3.842569178440878,1.0,0.0
2.3667090440386285,4.830713915832856,7.099188492348945,-2.54157017050763,1.0,0.0
0.8357207780668225,1.3301738456189311,-8.662105609546945,-1.586400093921769,0.0,0.0
1.6971822878728784,3.1696169440641295,-0.6895953033039863,3.9558910153867903,0.0,1.0
2.986657423366522,4.42796134568062,-1.8064884800410594,-5.843640213111115,0.0,0.0
0.6403577549522581,2.7352341548531953,0.5920139625315053,-6.286058575966672,0.0,0.0
3.5038404806517263,4.236503048710063,5.1303616108370305,3.344811587601819,0.0,0.0
0.8716721629922646,2.0178018601453456,-2.370831176291806,-1.3356891894473526,0.0,1.0
2.4322666603570626,5.133307065229633,3.2664918825815112,-0.04295864320340386,1.0,0.0
4.888125273743349,6.989579700493216,-0.9624527300728238,3.6800393562927067,0.0,1.0
3.937584404331419,4.548496665099579,1.2369551441695488,-4.081128316467106,0.0,0.0
2.985810989860374,4.033108866998431,-4.10362775389255,4.297803358777609,0.0,0.0
2.940136212809832,4.4196528805537785,-7.011505721540973,5.528152791108487,0.0,0.0
2.472412779040357,4.473585145916854,5.664861690567434,7.589210858562718,0.0,0.0
2.083885373304464,2.4847114944728066,-7.873704978304728,4.236994285500441,0.0,0.0
3.732950788803107,4.438266240407115,0.7138709146765485,-3.0339725702756413,0.0,0.0
4.015352804410191,5.5686812441734,0.7254521662292133,-5.53961755749996,0.0,0.0
0.8592040012072262,2.353437558614817,-1.1640144635834884,-3.389083841127688,1.0,1.0
1.6709644402983144,4.658408344162976,-5.396538054054709,2.4649668582951407,0.0,0.0
4.259126906245486,4.407215164925358,-2.383579934202872,2.649464591244526,0.0,0.0
1.2171112714460406,3.2672791727625654,-1.2147574795987781,6.217687221987467,1.0,1.0
2.4210596897900327,2.7635709875511774,0.7927750639822332,1.9081739587687065,0.0,0.0
0.5000931260700984,3.352566964400366,-2.420003073912804,5.7462392416569275,1.0,0.0
4.004829257321646,4.907449940711864,-5.454169111394951,7.103079877225454,0.0,0.0
3.1950390369261674,3.303865977511701,8.186174289826635,3.533605975883766,0.0,1.0
0.7554245904689041,0.7794435657008372,2.7220204987723635,-6.508587546411623,1.0,0.0
1.7351716621201099,2.7890781968784255,1.4985036090221813,-4.185880086977047,1.0,0.0
1.1528769290930219,2.013196946260244,4.816959603601574,1.430438543136473,1.0,0.0
1.6263241033589269,3.4436718752973183,2.4164039986446952,0.8673594468079573,0.0,1.0
4.567775784107585,4.695182319483207,-1.5476067039325536,-5.802728414658117,0.0,0.0
1.9967279949125523,3.689448445130151,3.269921972304047,-4.769313974254743,0.0,0.0
1.519686191353394,1.7089506706645008,-1.2273027525022169,2.7187468319489265,1.0,0.0
2.669523764286512,5.052847107610837,7.583460067099507,2.458642030364686,1.0,1.0
3.5004096849633655,5.760220652719604,-8.003466423618134,-4.464022342300903,0.0,1.0
3.175996811553505,3.8114487570729843,8.753892621766784,-3.846845737084086,0.0,0.0
2.409953653566772,5.263318023732265,1.158072403415377,2.6931147570992984,0.0,1.0
1.8325154896183524,2.4532461560068066,0.10714034272817043,2.087981127727469,1.0,0.0
3.428743993874871,6.3037859930429505,-6.544706777822455,-2.842453993645264,0.0,0.0
0.8465491709080835,1.3993496317756733,-3.248109500430703,-0.4925998845223754,1.0,0.0
3.8493815170669277,5.02129159274637,-5.250726157430455,-2.4923377598902534,1.0,0.0
3.188055052857901,4.012319155466925,-3.0944012339530347,9.376176691789947,1.0,0.0
2.17818539362573,4.174516861039749,-2.575825540649286,3.2775029722065288,1.0,0.0
3.9631206345920194,6.80650679226275,3.8171462152354176,-2.232903343058122,0.0,0.0
1.5530400353806506,2.66816931218671,5.574401767355702,-3.7408971394874486,1.0,0.0
0.9131501013679748,2.9061287261964703,-0.534851272377426,-5.728248550878266,0.0,0.0
1.9730658150200306,4.923339808713826,-1.507196309369607,8.772990514011402,0.0,0.0
3.0276238648217135,6.011424911050124,-1.4629909974200965,-1.8578690784713876,0.0,0.0
1.2841505393449484,2.3261951052265166,1.3411986437422942,-2.6686469179133216,0.0,0.0
4.2449271155860835,6.63510716059227,5.085041308613871,-6.687628650285249,0.0,0.0
0.9985934665561721,3.206404376867903,2.002714866546254,7.080183422843668,1.0,0.0
4.7702422821210435,5.313305687300315,-3.799357365435836,-3.1864527243947003,0.0,0.0
1.637607999370605,3.5146473972233085,-2.314889997390735,-1.6252662199621215,0.0,0.0
1.6836597049106645,2.9782701782878345,-0.8629483694988042,-2.4532158742552554,0.0,1.0
1.1187547691572894,1.7230792029181186,-8.88176597551238,0.5622249384849692,1.0,0.0
3.3885699269805496,4.107043510302628,2.2885797695731855,6.625892729218923,1.0,0.0
4.795535824222618,6.470138297080991,-6.975846035771941,1.711195851820969,0.0,0.0
4.148678488947821,5.196200852772016,0.2460886270701249,7.106761752965162,1.0,0.0
3.9272314624198206,4.436763683553071,-3.370410206801855,2.7477160515903893,1.0,0.0
3.670720143634718,4.776387422073174,-3.145610676994363,1.4832792105474466,0.0,0.0
2.807769180084101,5.535618060952903,-7.208466195664621,-1.9104750165688462,0.0,1.0
2.004021272134305,2.9626821337167266,1.8684215640692596,-0.7301903371693405,0.0,0.0
0.661599148098186,2.3273529017698986,-2.1805609767337377,0.454477617070126,1.0,0.0
4.958800444089073,5.1653847000034725,5.8232177231100115,3.113554188758756,1.0,0.0
3.941052618561395,5.823573153708906,-5.159802962551493,6.308126641509645,0.0,0.0
2.0167899442718595,4.17253528543927,2.2290948439441753,4.3009626773972744,0.0,1.0
0.9215550870459603,3.3049874240916433,-9.625320523611231,-2.2661058014886377,0.0,1.0
2.9528841671826767,4.664022628114862,2.9112585688192447,4.45020190230997,0.0,0.0
4.660054173327374,5.681788754691903,-4.610194613735945,-0.27533203762666764,1.0,1.0
1.351396503380087,1.4548283344847746,6.036824385945784,-0.7575060628132092,0.0,0.0
4.710545412255759,4.762638005817745,-2.8896682759412236,0.22982452824179495,0.0,1.0
3.8551651056508747,6.5388327731336044,3.4535091705378584,1.5593675278262182,0.0,0.0
2.852586372457519,3.020808951836676,-2.672410187543995,-6.320431046011528,0.0,0.0
3.623069474796697,3.86066825416085,-2.95867116419221,2.351186401161328,1.0,1.0
3.2657040744016985,3.6941866198564974,-0.4935947909918659,2.7290184121402477,0.0,0.0
1.0939311016316928,1.4219619848914569,6.079567057146372,2.400683352733393,0.0,0.0
0.6253901219599858,3.321788583231826,-3.203624692812085,-2.491424529848939,1.0,1.0
1.6850573885163436,1.949660051231258,1.7984151294464326,-0.9947786591738061,1.0,1.0
1.0452930690187519,3.7294159756037724,-1.503778441426448,-2.7841138292390855,0.0,1.0
3.4670048024116475,5.1978916737468595,-4.70845084792268,-7.733403419513198,0.0,0.0
3.127376195955075,4.993353490257263,7.5386396733151795,1.0178481838142102,0.0,0.0
1.8831342050509075,2.709515908200011,2.4882992838902513,1.5071733803876592,0.0,0.0
4.2324079062323,5.1023121332789225,0.14092851832998995,-3.0199552675601296,0.0,0.0
1.5070509677025823,3.3124998112139306,6.163910481320972,5.103565987071481,0.0,1.0
4.429319906338397,6.290227232142858,-1.9172114032444767,1.0131856660193816,0.0,0.0
3.9163626778394116,5.61622336124117,2.5199676058953098,-3.6961783555626884,0.0,0.0
2.7179700643326576,4.455031991535272,-8.614039190844164,-3.691136463191371,1.0,1.0
1.3990357956531518,2.7001337108638084,-3.6558283196223176,5.420417553061661,0.0,0.0
1.631282105176378,2.0259140605393924,7.806368693073519,-1.9887269036573996,0.0,0.0
0.8838580502962567,1.2901077496169306,3.648361926287118,8.046182286424292,0.0,0.0
4.774777295778779,7.747149097226705,0.5509677370830252,-4.119117463538655,1.0,0.0
2.1085446214648353,3.1850185838852907,0.9911720566928148,3.442954977237301,1.0,0.0
3.4006884004252345,3.553342245480397,-0.1536524462455621,5.487782139138155,0.0,1.0
2.2627714997342476,3.2798766232607584,-5.938779675353048,1.4587691705235049,0.0,0.0
4.667274283996761,5.85043557763903,0.7650530700288123,-1.9456227607233028,0.0,0.0
2.323453597011277,4.441428047643093,1.3258676680056178,-6.16456168094675,1.0,1.0
3.345620689639286,6.111690110994211,-6.467470870573584,-6.18801555809338,1.0,1.0
3.4598570464975267,5.464065280446004,2.3202479684915516,2.758771209114638,1.0,0.0
3.4453518293896526,5.315644307484386,-7.639444573277145,-1.8029257612347325,0.0,0.0
0.9830484873874369,2.5650007210305006,3.564797012199596,1.7878588206377484,0.0,0.0
0.9332100107035268,3.0674286438673466,2.2289661293986716,1.6582236490245155,1.0,0.0
3.5302649771913654,6.512552908984009,-0.14609864742746645,-5.076028073509324,1.0,0.0
3.9662677474401202,6.197819072446935,5.793085714103171,-5.109778029384633,0.0,1.0
4.471158676774111,6.004730093206465,-2.5447657561091326,0.046563492258074275,0.0,0.0
3.8554935892248685,6.839071480169752,5.64605492436003,-3.368557433402555,0.0,0.0
2.172454054255613,3.773206289477659,0.9330806319408486,5.148079093215739,0.0,0.0
0.8991784317382323,3.6119382771120057,7.60391384359213,1.7065622189963234,0.0,1.0
1.9630477698899338,3.3878268914351795,-9.17604214071535,-3.2315149802707466,0.0,0.0
1.218904739599167,1.972923611958291,-5.282660441364023,5.826523014495155,0.0,1.0
2.3480357389779583,4.707599542496871,-1.5558329541391247,-5.996350482685751,1.0,0.0
2.3397190694894525,4.111430558340895,-8.441983808574486,4.4303160964919135,0.0,1.0
3.9755603887106474,6.364469150442678,-2.316281242766596,-1.0223695047131482,0.0,0.0
0.9407347921974475,3.407732485659982,1.517943377756038,2.3187238521762636,1.0,1.0
4.952462804388357,6.438733185225791,5.613039924908057,-3.803159095412259,0.0,0.0
1.421954824852316,2.175923401998338,0.1999312683334305,-5.961850782283424,0.0,0.0
4.769357111636789,6.564481425655298,-4.19587736692722,5.1951925117374325,0.0,1.0
3.185065590209533,5.133871019057137,-3.182189347276585,3.0347696371861272,0.0,0.0
3.3356860515566127,3.420613577415099,2.3913422861199676,-7.5134014694453315,1.0,0.0
2.5169424797842153,4.491752287367109,-6.41273046327278,-4.770621479438233,1.0,1.0
4.312235945542178,6.939248631638903,1.4801273744309342,8.600915215192565,1.0,1.0
4.929413354050114,5.602601790396611,3.1896723437027994,6.197978669998948,0.0,0.0
4.2366862159047995,6.092468951485108,-3.160951606386125,9.164877130085257,1.0,0.0
4.993621395513971,7.498216848663352,1.8469331326886171,5.541756791256839,0.0,0.0
1.6540000267876653,4.2472015027643915,-2.293575315186615,-0.08331330563515192,1.0,0.0
2.376822819564802,2.604844881853794,-9.074517701751505,2.215158824393111,0.0,0.0
4.681431336813538,5.822280476387184,-4.619121184540533,1.9042657750551315,0.0,0.0
0.8506269645485622,1.7335046658858553,-3.5182127045855727,-7.340979973562192,1.0,0.0
2.8891593725072733,3.5468064130525976,-0.9862517291235495,3.0046489637452325,1.0,0.0
1.1828987354700626,2.629923142903423,4.776306300221762,1.443656832296204,0.0,0.0
2.266540557371668,3.464561147170984,-1.4437694179068072,-9.740058172681332,1.0,0.0
3.350066190865558,6.218801191660914,-1.4237015679200997,6.089633252393855,0.0,0.0
1.837327348402564,4.07513398936204,4.099937318685351,-1.8779315482606245,0.0,1.0
4.573060432808152,7.189468383480497,0.3723233211994069,-7.130611879859526,0.0,0.0
3.7133508153300716,4.469368010236667,1.5303440326417679,5.668754529008784,1.0,0.0
3.060631122659383,4.286075139026903,7.7688947408473235,-1.561510954973913,0.0,0.0
3.8357291790295656,6.810170270839668,3.9239867095437164,-4.817234099780883,1.0,0.0
2.385826286703905,2.9015110762680854,-1.0402095094946728,-3.8559586598385063,1.0,0.0
2.21322604898217,5.197900408622056,2.65062401198253,4.487057039424744,1.0,0.0
1.4835468977829098,4.138369010625508,4.258510622039893,0.8174353755075329,0.0,0.0
2.411011923613953,3.778906924127924,-9.484307057455855,1.9982690960927518,1.0,0.0
4.825513165461271,6.663916105486214,4.6184722907056885,-4.5375312289724015,1.0,0.0
2.686655261687485,4.218542950158449,-5.884570237131081,-4.749788337877872,0.0,0.0
1.3348777128866516,2.1494696218589677,-2.950235902991061,-1.2167592271025733,0.0,0.0
3.827908003528443,4.144056195883856,0.9329469384314221,-2.8291770195576134,0.0,0.0
1.6095752923770579,4.142372016404545,-5.475591933955505,-3.3660073289864756,0.0,0.0
1.322284027637774,3.741091887294701,-7.081177944122138,1.19377002598027,0.0,0.0
1.478759785024057,3.2091515343905215,-5.623455568367679,-7.952497633205737,1.0,0.0
2.7694302880575146,3.357450608478483,-7.465452369607526,-4.370593046965361,0.0,0.0
1.5525325364596143,4.202849742444609,-1.0717829352583874,9.302438821563685,1.0,0.0
4.464345593958164,7.2815138194167774,4.732826301928385,4.708261320836723,0.0,0.0
3.726193968329108,3.8625320240355587,3.923572569787009,-0.5261867158579724,1.0,0.0
2.9411560295786736,3.7409661141593062,-9.881930957734834,1.5150990349327864,0.0,0.0
3.5581400928878932,6.1794721584336045,5.795583520801808,-6.130258258775079,0.0,1.0
3.301221959406363,4.019201353220742,4.415148741615548,-2.284049110260272,0.0,1.0
3.779672483778269,6.023462468631188,-6.190219238476828,6.797237745292676,0.0,1.0
1.6498884706985602,3.5667327346838196,-1.1786921983728642,2.905352947744881,1.0,0.0
1.629453300769982,3.27772047694853,-0.2326394374650875,-2.5722911830481343,0.0,0.0
4.925005242017249,7.757708221981441,1.3343811290331502,4.161443382635993,1.0,1.0
4.379364093492187,6.803555100712886,-4.910164877077875,-1.9586903763893337,0.0,0.0
3.9187780019210643,6.136232536221913,2.708005343666892,4.691352987052805,1.0,1.0
0.7159451530212985,2.0206315123750573,-7.06617773692321,1.8395356102224558,0.0,0.0
0.7149696714386349,2.5960377558587107,-3.859628061908434,-3.2634556062943783,0.0,0.0
4.16957630090613,6.640811964304365,7.318913340055225,5.501994862572065,1.0,0.0
2.603816771749589,3.300830936760594,3.9910391407713544,0.5450270921443375,1.0,0.0
4.112542148197681,5.2786057905873545,3.695845838550023,8.994342900983819,1.0,1.0
2.5284767805390964,3.0599181905703143,-3.848437967593076,-0.8255575453152177,1.0,0.0
1.1658615791777391,2.9669064182684948,-0.2946075271148512,-2.416026669968633,0.0,0.0
3.5055378940401307,5.872670937937736,-5.33179444843388,3.2919936331416486,0.0,0.0
2.639043847644047,4.609014987426148,3.1120890626365822,2.6460495622297286,0.0,0.0
4.419166489865134,7.417344326269786,0.7937736756355627,-6.471644108588628,0.0,0.0
3.986236966855682,5.4763020701211795,-8.496390040519383,-1.2299657539847662,0.0,0.0
3.3677468884282895,3.3972502605993897,0.7720009973283185,4.676357662108451,1.0,0.0
3.6677179253046988,4.1251611406711675,6.9080551284957625,-5.435949867314401,1.0,0.0
3.886750525223455,4.742406833707093,7.507904816301442,-5.85857348657537,0.0,0.0
0.8558686933010102,1.1611653755485771,9.049998882081868,-3.7962534753201,0.0,0.0
0.9326453800234713,3.7765892708879307,7.30909206962353,4.353235118390603,1.0,0.0
3.994645313789381,6.231598811906553,4.406573463354172,-5.914386647032256,1.0,0.0
4.087634632331084,5.394126518054368,-1.378385403348206,8.362306801894267,0.0,1.0
4.97254598178493,6.954718449133399,-8.76782156680624,1.7350663197640843,0.0,1.0
3.69617461212456,4.111282307790583,2.246940995042363,-2.129804653876185,0.0,0.0
3.638885205030794,6.1303206254900795,-5.508983109843829,-0.6639164131561235,0.0,0.0
4.038414106987222,4.946258161695639,3.152841121319193,-0.7277012037232388,0.0,0.0
1.38690141702268,1.4117613592158835,-0.10247079937893643,5.868146791894718,0.0,0.0
3.0248463396216905,4.845007520425698,3.6830547672121163,-7.89238935584292,0.0,0.0
4.441235930221453,7.282403687537643,-2.1248575579757323,3.7421645171480304,1.0,0.0
3.941414321794835,4.382266310060122,-3.0036872435207917,2.0988492073536893,1.0,0.0
3.3369511851859537,6.041274895207698,0.742260364322795,5.227369520544315,0.0,0.0
3.9321109602412876,3.9568226379700517,0.785713050085326,3.617808430413301,0.0,0.0
1.0087581268237191,3.864185276430688,3.2417599598640683,-2.0817595814036522,0.0,0.0
1.039842069863648,2.959899835232615,-4.618014017785619,6.874556855507149,0.0,0.0
4.937979428937939,6.660555595184516,-1.3855151710666633,-8.206334615389993,0.0,0.0
0.9687165149343975,2.1800576954488085,-2.76836553886622,-5.9416950114722145,0.0,0.0
2.418218299056667,4.422346440767569,-4.092906064884826,-6.773648155521349,1.0,0.0
4.394020685392011,6.759161496673273,5.594364971491353,-5.767722458892589,1.0,1.0
1.231737062141936,2.1574648159398433,7.989431709107428,5.596232424825603,0.0,1.0
4.887237365198994,7.874560637860314,0.8531959899686501,2.299800258934632,0.0,1.0
4.167984015938382,5.092064456695615,0.34640959834848284,-2.4652555229519915,1.0,0.0
0.8346775285907146,2.712688534137542,-2.495302092460552,1.956746559278447,1.0,1.0
3.640525586144053,4.138128117373146,1.1768260205264303,-8.884199412449718,0.0,0.0
3.8694469862304333,4.862991592177077,-5.4591693955874945,5.342728372237924,0.0,0.0
2.986386542760287,3.0982101385243213,-0.3743904782705025,-8.701535694919588,0.0,1.0
3.8719834571661464,4.576687396926304,0.7104682635968718,-5.159820107179129,1.0,0.0
0.8206581230668859,1.2415055125865018,1.341247673475948,-5.38577652642253,0.0,0.0
2.0547675733878146,4.357056802240847,3.956819339585865,-3.3017863783482615,0.0,1.0
0.5166943312063275,1.2864050845603991,3.127004245160413,0.06321033613926223,0.0,0.0
1.0608651155181328,3.777959445661412,1.7098713753355153,4.596120198544741,1.0,0.0
0.7548305100197972,3.199882204159596,-3.4662593068240213,0.4771293575459142,0.0,0.0
3.9336528045172963,5.02351810033425,-1.3851191424268805,-5.690209241852311,0.0,1.0
4.618350865953105,7.088146752704247,-8.40414399288676,-3.902384543919275,0.0,0.0
4.149707933755103,4.493427196668496,-8.595221413910263,4.311575273207935,1.0,0.0
2.4498852430134477,5.02270522389772,0.9232041096427933,9.056224367465799,0.0,0.0
4.936892186895553,5.380577093917388,-1.7127846353165457,-2.1027464653428942,0.0,1.0
0.5587590605090862,3.1501731282553704,-0.011434046239878558,4.177599901303734,0.0,0.0
2.8991206805851912,5.317290443408274,-0.06451852729756297,-5.043981171913868,0.0,0.0
4.219517335095348,6.750234238913759,-4.828947105809876,2.8578687702384604,0.0,0.0
1.90419674180488,3.1627360342431987,3.9492912215622904,-2.7953904338668316,0.0,1.0
3.1143600065192665,3.5676956309800194,-4.29533010924667,8.218231122829158,1.0,0.0
0.7289435803782554,0.7424782750341078,-2.95351428288774,6.653270963155925,0.0,0.0
1.874345330210122,4.353013242769149,0.6061201812685911,-2.1623230825927315,0.0,0.0
1.5948548481552836,1.8267735885263976,-9.140828690106813,-0.5880113357429282,1.0,0.0
2.25470587930294,3.267594948489528,-8.21207041748407,-0.04233473498649314,1.0,0.0
0.9982198111918998,2.9723021543843897,-8.664701470376801,-0.8045548026482122,0.0,1.0
3.531065393441199,5.311908068089533,-4.320958583963545,-8.0874932331241,1.0,0.0
3.5295329282997527,4.395764026887008,4.8698729776620295,6.978019310934083,0.0,0.0
4.061485003074894,5.058528212726647,-0.029976299307496436,5.043904711602415,1.0,1.0
2.248524480707224,4.372450034696577,-4.228551847532248,-6.567677827214766,0.0,1.0
3.9187823328373206,5.489427941826413,-2.3475061617422806,5.738424956208416,0.0,1.0
3.933255060596576,5.066509574634846,-3.4977417432905855,-9.17090760218811,0.0,0.0
0.9260407628297527,1.4028509014427355,-2.087296127683409,-2.297099516115986,1.0,0.0
3.6353700182415842,6.0141017265263494,2.799938006034595,2.090166929425882,0.0,0.0
3.3158377195815874,4.961396969222486,-3.231757055442764,1.705639670312817,0.0,1.0
1.9862178121416159,3.01513664297077,-3.819350543894978,2.147455519446246,0.0,0.0
3.1412425562753996,5.335845704100731,-1.0783496804945307,-2.329591136258306,1.0,1.0
2.8276133940949135,3.4632770298024624,-1.1459527267624559,-1.6490511362966318,0.0,1.0
4.327088844081079,6.485553612351627,2.715938356699614,6.759488859318419,1.0,0.0
4.802798861101045,6.827603034202575,4.373738527165347,0.8907095385783473,0.0,0.0
1.348655510476845,1.6221710735254296,-1.5894056763545152,2.3782592651506316,0.0,0.0
3.902769095970201,4.294648021772021,8.819876291591227,1.4692157353069895,0.0,1.0
4.531704161827051,4.6114483476894925,-7.737800145613981,-5.612346638261379,0.0,0.0
3.445758152782719,3.6679967251470575,-3.2580960363552784,8.792635603294162,0.0,0.0
1.356507720240994,2.5857988030418806,0.8308212718599319,8.859078969601486,0.0,0.0
3.7968560278649006,4.660139959906255,-3.186995805723509,-9.430828467956209,0.0,0.0
2.922858534757538,4.259118638498679,-0.7354082653024664,-3.4761810524192263,0.0,0.0
4.768600115452829,5.869866342492349,1.5941007201684618,8.19637918493712,0.0,0.0
3.9885415274843847,5.447497464471938,3.4835673439490282,3.9292084083315646,0.0,1.0
4.802676257708964,6.673356670981621,1.2905032215779675,-3.1978530095934263,0.0,0.0
3.4813273241018496,5.5355275547083025,-6.274630169830461,6.839066958533666,0.0,1.0
1.7775433314493545,3.1300965195670982,-3.163225039859808,-7.345774259054235,0.0,0.0
2.172425367750278,4.387318678296936,2.174053665185171,-0.008644280843339881,0.0,0.0
2.423577854811044,3.891766958056503,9.060597596476875,-0.22742590527062034,0.0,1.0
2.2298926141176185,3.946218270430097,4.495560915970572,3.7592167244346877,0.0,0.0
2.758472735736922,5.4809443334356445,-2.7134122749498117,-0.6200489417683428,0.0,1.0
1.4655288239892956,2.3772188791410063,-6.6093800234298845,6.465233409470771,0.0,0.0
3.4535390607802814,3.7728045828249783,-1.6116301863744138,8.42124279560035,0.0,0.0
4.800698455971411,5.322745000185109,-3.923897504488779,-0.6422793930548661,0.0,0.0
2.09286862860732,4.218895767222253,-6.8337114310719995,-6.859111111142495,1.0,0.0
1.0461615254376246,2.9984773043111033,4.82619485341313,-2.4092563438582077,1.0,0.0
1.5303211138539474,4.033842045570649,-1.2290098365565307,6.960064233822274,0.0,0.0
4.5495499147559935,7.010153434675344,-0.8504986599482907,3.888613011006405,1.0,0.0
0.9208884403209732,3.805292009278051,-3.9191405088802775,1.6747015476700249,0.0,0.0
2.984774461672451,5.292637664949929,6.653298721659306,-7.0633345966383665,1.0,0.0
3.3757734122095986,6.3026945215425165,-5.326598941970546,-3.7942782900847756,0.0,1.0
2.846297677004406,5.609022887755488,-4.033971549430268,2.964423369755944,0.0,0.0
2.4627720735162617,3.8656211190639964,0.23582606770226744,4.130390312342602,0.0,0.0
3.930533349202101,6.150264403351775,1.5678045024112721,2.458444572279988,0.0,0.0
1.0190055790127985,3.3106525828023576,2.95029706589215,-6.800147443633037,1.0,1.0
2.5682468125371822,4.412827282191621,-6.286632129996578,-6.455511630932413,0.0,0.0
4.698952862713896,6.840602928974521,2.4278798508059727,0.58623055685918,0.0,0.0
4.30169754948302,7.126668617747521,3.4816859491806516,-2.203068633460095,0.0,0.0
3.9376429281633114,6.687545433625113,1.4295647994613307,5.473092103641483,0.0,0.0
2.8685004438740025,3.241291278783103,-3.212925465154361,3.6365104596262197,1.0,0.0
0.9298462411793735,2.090087943022213,-3.7831062023574598,-4.667577654330465,1.0,0.0
0.5096378894152067,1.0136098409594312,-5.5489022753879045,-1.5197904019189448,0.0,0.0
1.919253852088406,4.169217561434474,-2.8993989475802167,1.0724302444432197,0.0,1.0
3.0517782575302075,4.987540251535897,-1.6416735556190774,5.348299126522714,0.0,1.0
4.52435708475315,4.858020826793969,7.780671935696922,5.1063044474300305,0.0,0.0
1.908930237519544,3.7507242179834055,7.069115027961334,-4.640010743360986,0.0,1.0
1.5101790779477477,4.24466194382957,2.5601387342972766,0.5091994385693885,1.0,0.0
4.968936366116797,5.559151236359485,3.959358841091288,1.4120711269718027,0.0,1.0
0.8720432120042283,1.1713798901284886,1.1477641876958269,4.374764154414791,0.0,0.0
2.276704411800523,2.900614760456164,2.4742791160948934,-4.087928316649107,0.0,1.0
3.165352259293192,6.146678083255527,-2.0422504614955503,-4.073932309982386,0.0,1.0
1.0847132596431086,3.302113553815391,1.577492266556146,-9.258538067696447,0.0,0.0
4.800935912298079,5.8138743220693545,-0.25188036514930473,1.9995132397708189,0.0,0.0
4.364627469889538,5.499999315489923,-7.6891408236489305,-5.215406285409743,0.0,0.0
1.583213299214051,3.6086173867651077,2.6749975904842143,-3.939429249590331,0.0,0.0
1.587950362637505,3.140290073527786,2.200930939479173,-7.916222907015786,0.0,0.0
1.8034581544312562,2.498162128830873,2.3228515022409484,-2.599667013054015,0.0,1.0
4.893988133842509,4.945776228632929,-3.345878730959063,0.1188605134821934,0.0,1.0
2.140084251505569,3.661811413023368,4.0587792604008985,-0.5743597594918584,0.0,1.0
0.7724669308084575,3.615606322880336,-4.960680520742769,-3.282257412674609,0.0,0.0
2.2867330757099817,4.950790808596743,3.7184225318851696,-4.8555766278174985,1.0,0.0
2.3892328485229095,3.8286616201041355,-0.12354132623828505,-3.8169664544402684,0.0,1.0
3.849023695855051,6.1203482856960125,-7.225916635249842,-0.12957009154593502,0.0,0.0
3.155769441810506,4.923329559263661,1.9966118672499054,1.452085710671328,0.0,0.0
2.101067226007224,2.734418666216742,-6.238922225762164,-3.5892501116502578,0.0,0.0
2.0649314178699916,4.799600787229936,-0.5508141279157985,-5.977847427583784,0.0,0.0
3.342643901367964,4.4989661203290865,-5.106347034553424,-3.4842153557853512,0.0,0.0
2.5649096694250404,4.145529446530899,2.4743242927646456,-8.124829698223119,0.0,0.0
4.481147041681784,4.5340522469805284,-6.692419808332231,3.89220756337466,0.0,0.0
0.9511064290409452,2.175079039319917,4.941352785781232,-3.4118610715464897,1.0,0.0
0.5958483897071594,2.118403236054803,0.12439059757226265,-7.362958736045988,1.0,0.0
3.946214252017379,4.002630758200775,3.231780648309511,-2.9430177946331035,0.0,0.0
1.5099935875550239,3.211944817784416,-0.7768013794031672,-3.3877592180542635,0.0,0.0
0.9408494867409447,1.624033537985519,6.2497850124244465,-6.275904910285774,0.0,0.0
0.9440259738384031,2.0452830839482234,6.355943745290607,2.3043042342328404,0.0,1.0
2.3090719830364286,4.958625399350673,-6.679500505973823,0.9576471970875483,0.0,0.0
1.8624052950463943,2.6094258673961654,-3.325428711356497,-7.570113248603604,0.0,1.0
4.647717728360575,4.779491502823955,6.109078111468869,4.12326778121029,0.0,0.0
4.943116552129757,7.504366149235365,-0.7684382860730524,6.216088376359293,0.0,1.0
1.5157780010944477,2.1253198654776573,5.029804337659455,1.6027510115896688,0.0,1.0
1.5197477054196593,3.5499249924373038,-2.6697432375838224,6.180613795952204,0.0,1.0
3.216008605908373,4.614911367316248,3.393201567868968,-6.338535742120914,0.0,0.0
3.2051325330517715,4.020386625768788,-3.384382594163458,0.31627072364498876,0.0,0.0
4.602959996109694,6.991761917424052,-2.546995374087134,-5.9635901453974505,0.0,0.0
4.412732518722436,7.188247030977662,-1.9649270009285211,0.8810852531075569,1.0,0.0
2.9908007572361637,4.531256379911371,5.84285511946978,-1.8957583018659527,0.0,0.0
0.7873286664504027,1.7685477974530373,-4.86142495309824,2.5721549963237362,0.0,0.0
4.919094518463187,4.9659961364248595,-4.526362169963299,1.134919474020435,0.0,0.0
3.5236884043016947,6.387351765921959,-3.8828047758519877,-1.7531620113906696,0.0,0.0
0.7784827405831632,3.153577106522485,4.442156695638229,-1.8645369650381534,0.0,1.0
2.494396258023377,3.060700825536261,0.8370291038987516,7.3351423949726415,1.0,0.0
2.5344683710825002,4.7399019011386585,-1.8771193721062807,1.87381787139688,0.0,0.0
2.828644376196224,3.903345635666302,6.839051575693179,-5.116220618188468,0.0,0.0
4.8908564887289,7.563866214679916,5.667421014201367,1.8839955566574094,1.0,0.0
2.6558822104493633,5.227663985162888,5.842691322422849,0.7500122258668745,0.0,0.0
2.4121254791620723,3.3827398601262137,7.367624558993027,4.938723222185798,1.0,1.0
1.1331951064789407,3.6947781854252355,-0.8586219691619301,4.02115386313684,0.0,0.0
4.625392235310875,7.530811067909527,8.367022765914065,-3.43587905189304,0.0,1.0
2.591159463197632,5.3645315003983995,2.2327976070183695,-6.7231799012161035,1.0,1.0
3.7433922578135177,4.182404066713823,-4.810083394408276,6.377217003817952,0.0,0.0
1.0165744069035494,2.002168655291074,1.7220368369074373,7.187596358170014,0.0,0.0
2.534261265030721,4.439608781063333,-0.6065916520938435,4.904726033470199,0.0,0.0
1.2635782171998164,3.324877875217891,-4.003251503511826,-0.6881445167089745,0.0,0.0
1.039741646562109,3.3103777028037116,5.408529478456943,3.360574215573505,0.0,0.0
2.1578750576604446,4.399393857587742,-2.0401442566620593,-5.721688565610884,0.0,1.0
1.6857390400288996,2.5997657369964617,-3.720055126473536,4.500957327439596,0.0,0.0
0.8690791047930717,3.6149031667041154,0.11662742849889082,8.56052274085187,0.0,0.0
0.7811953601136641,2.843759542446128,-8.371917022612449,4.669985246683129,0.0,0.0
2.170361577870488,2.2057989965082214,2.0677153096343392,0.15232299350692896,0.0,0.0
2.922205010799869,4.403453985366673,-6.040682976147547,-6.964641703864866,0.0,0.0
1.5476188722388866,4.246998028304977,-2.219313290718467,-0.853142902120615,1.0,0.0
3.478166460457963,6.030127382222467,3.8491200556649563,8.941109505912907,0.0,0.0
3.361739975174742,3.982237765646954,3.181944712375841,-5.16471933584113,0.0,0.0
4.828822847182791,5.5446036216409444,2.768029510362599,2.8786451245703217,1.0,1.0
2.773135845328644,2.8770599499051293,4.800991010038934,-0.7039585432247261,1.0,0.0
4.880897021481794,5.71614174064392,-5.081302525146226,0.730930826615269,0.0,1.0
4.099397335101733,6.9150603030993265,-2.7375218496822065,0.3215095748920442,0.0,0.0
1.5854758619590565,1.8983428842674885,-1.1428109084044855,-2.856358001388674,1.0,1.0
2.8420837221037893,3.366086550337731,-5.174740103920173,3.1873567957327626,0.0,0.0
1.797760274952396,2.4874823851193786,4.344555235542574,-0.6514692602391978,0.0,1.0
3.905395342460378,4.679806618504857,1.6793199250787096,-1.2509044279471673,1.0,1.0
2.5709749004740328,3.4449518924854625,-2.2617387539684675,-1.470120635786652,0.0,1.0
3.1185879691107083,3.969705812099508,-3.168339860852316,-6.794428770248404,0.0,0.0
2.3490845301224024,4.367262289078275,3.106499158039544,-1.6548137047697165,0.0,1.0
1.038222911773621,2.2769294850942696,-1.1290859285174224,-1.6974503541500083,0.0,1.0
4.392323207006091,5.0490979117717645,1.9401156461293947,4.710107227839746,1.0,0.0
1.1770462313966892,1.3202634149706345,1.5386395350827087,3.2729699788061537,0.0,0.0
3.4542507249753687,4.499652285485446,3.842174060145861,-1.146675728223507,0.0,1.0
3.2221586925827883,5.085213385631091,4.781899073610688,-6.70712432311352,0.0,0.0
3.152037647313646,5.220457381734276,-0.8947648218009626,-7.855387326505767,0.0,0.0
4.3905241140841325,5.464025415996764,3.637153247334266,0.2558380759002207,0.0,1.0
4.421233379179894,5.860777756057294,0.9036942635352578,-5.496370094122031,0.0,1.0
1.2582042669401212,1.771445547439443,-2.927111814847821,0.5355611148701229,0.0,0.0
1.9596228393433404,2.7405615243659813,-6.088900084630962,-0.8221230634261106,0.0,0.0
1.7340400714158741,2.5440564191733834,3.720256434636478,4.97872011195912,0.0,1.0
3.9620999630081277,6.618927517548396,-8.829679660462558,-1.803041344051062,0.0,0.0
4.255930806919415,4.81243661012907,0.052980398552719334,2.7197704537256007,0.0,1.0
2.933213298144827,3.9787830670005557,-2.778881417315688,-2.1276220749697985,0.0,1.0
4.848037907166939,5.416016502001813,0.3321642518018147,-4.043462052258395,0.0,0.0
3.232340814497361,5.264674888668115,7.2250770593469635,3.9054052960834125,1.0,0.0
4.510921215592033,6.642207032749021,2.51709145812137,-0.8337270610966718,0.0,0.0
4.088227114090742,7.030807816051118,-2.8953136695894615,1.006840345374021,1.0,0.0
2.4288720810895175,2.764362515184488,2.531092506598919,-2.563416982597406,1.0,0.0
4.4483829535580455,6.409456382526299,-2.238606171940301,1.3008997949648071,0.0,0.0
3.3269709730179007,6.3013128609974665,-2.8540345183131812,1.4056881672844772,0.0,0.0
1.1564426930600957,1.2412875268043815,3.2771576668544005,4.281751805914593,1.0,0.0
3.638621774239696,5.384169166437301,7.34579928269907,4.753884014445766,1.0,0.0
0.5816847344445515,2.4376044826798555,-8.318063894773477,-2.8360940505011367,0.0,0.0
4.353305953635663,6.467864107378659,0.14745891857993706,-4.1276599491563495,0.0,0.0
2.5764896203408485,2.8050241436077417,9.81883263155541,1.4794085073581027,0.0,0.0
1.8509508848347553,3.62143262613953,1.562757541297086,7.51451536075606,0.0,1.0
2.2377059036882994,2.688987902308363,-3.1038816883085563,-1.5868703788002814,1.0,1.0
4.246486782241471,4.905065464290887,-2.6430550278353775,4.806836618970476,1.0,0.0
4.795137578509429,6.478633353808287,1.9905707029410729,1.75064614456346,0.0,0.0
4.87320695421479,5.352430553864651,3.5404160853510604,2.040930755577385,1.0,1.0
2.0821887115882043,4.426013320858061,-5.314335786022383,-0.7062130118898129,0.0,0.0
1.4497045224211291,2.19321219939782,-2.727008861956463,0.9344440600560914,0.0,0.0
1.1064133283343245,2.399071001723884,3.8979060178524416,-0.1957345736795731,0.0,1.0
0.9138659727826344,2.684724787499133,-1.0399275607200678,-4.311269353723922,0.0,1.0
3.6313336647733054,6.280121689193592,-0.5644671542147747,2.560401117561403,0.0,0.0
1.2344924302716844,1.9887060794264078,-4.763933495092311,-2.197304557799949,0.0,1.0
2.2719261012620224,3.2847033899378006,7.147474826696583,-4.145052287930295,0.0,0.0
0.5992701670374803,3.0709135899643805,-2.247441552162957,0.7695757105990787,0.0,0.0
2.8680124560065594,5.73223825467494,3.5407002088764528,3.4726435061511056,0.0,0.0
2.6571361229610604,5.009969384850066,-6.455202246150092,-0.7023474642786638,1.0,0.0
2.880660863273309,3.2760935553273156,-6.0506124721816885,1.4572211958839183,0.0,0.0
1.357679608289886,4.028363757971255,-6.827632279400467,6.910650439857971,0.0,1.0
4.159565045177714,5.189800700698324,-0.454858163756735,-4.530468474562897,0.0,1.0
1.9353339948012604,3.8403611240873285,-1.0962189964447895,8.806666200910584,1.0,0.0
3.729676624773537,5.8515108850609945,-3.6047208186993607,1.6207997733919088,0.0,0.0
3.046449117718984,5.275386110059493,-0.2550959748713108,2.4369450034737525,1.0,0.0
2.3879948289166153,4.525412037890197,-1.7399113981401646,-2.8325123236167524,0.0,1.0
3.607312294578702,5.737763090687775,3.3934789354977433,0.34091731532026104,0.0,1.0
3.7688217541475084,4.624077211903364,-0.28576860714020047,-3.8230682769538524,0.0,0.0
3.036565570804368,4.677344552755697,-1.9284265156483615,-9.204929708081089,0.0,0.0
4.117516210006942,6.759665560194048,-4.314768141089581,-8.163736816439966,1.0,0.0
2.153468652775606,3.1642313915227405,-6.215720731311896,-0.12368305175268571,1.0,0.0
4.091999345285007,6.422498849847041,-3.0087393851536937,1.7288599992354832,1.0,0.0
1.9172729763738245,3.7834998358759337,-3.9303808905301354,-0.23722550638309758,0.0,0.0
3.7149233423066765,4.154235594100685,-2.5706284265774975,6.574536712945095,1.0,1.0
3.7643785138489205,5.652697474735014,0.5259409417017393,5.971323484503909,0.0,0.0
2.2594926744766743,3.7420783163192595,-7.918748664317893,5.849276276778016,0.0,0.0
3.724202245136551,5.58746411235243,-0.6259752312917046,-2.4073874770328008,1.0,1.0
3.2048396284616048,5.429247886772628,-1.941889479357038,2.860411279703905,0.0,0.0
3.5034203545692533,5.591993957128839,2.161657922896587,-0.1728141131122484,0.0,1.0
0.7806298702343053,2.9483845556253776,-3.7489323139950597,-4.886737297268782,0.0,0.0
2.958628054114607,4.011701109974598,2.6767097926967374,-3.4339433395393777,1.0,1.0
4.712058118097842,5.521365296019941,6.046251865877658,-0.6298101352131327,0.0,0.0
1.7764223325886335,4.0494282783892555,-2.047487473146085,-2.1018594788585916,0.0,0.0
3.0970257494055833,5.1989340756617715,-0.22926126144436748,5.260211893353178,0.0,1.0
3.09523365536935,4.239089812449535,-5.330597804702875,-2.506003993891795,1.0,1.0
3.853827323073518,4.7323716887515275,-2.2328789643747475,4.682580368409334,1.0,0.0
2.2546005977504633,3.650821241741383,-3.2080864122521517,3.2438155733233307,0.0,0.0
4.326487464242051,6.427427280962057,4.3944730687187,-4.49612453803101,0.0,0.0
4.641221219447652,6.663511639818196,-2.620263577955654,2.9864729250397892,1.0,1.0
3.127383034484992,5.734381038701434,-5.6162662871524995,2.4700857749386804,0.0,1.0
4.411112992736707,6.848746462562159,-2.392488804309584,5.977773103189437,1.0,0.0
3.0117643486028705,5.405701971172586,-0.40592149522756127,-3.9730678124386447,0.0,1.0
1.9904935004869042,2.051993997472599,3.9779926896284623,3.050032777703863,0.0,0.0
4.393248794218643,6.161512373030477,7.231654193906132,-2.5705849850652016,1.0,0.0
4.745562838626285,6.57582073580754,3.4581051267305964,-1.6699291469806024,0.0,0.0
2.1181075997591634,4.1714372243731335,-4.185166187523494,-3.5474604790760766,0.0,0.0
4.614757185970897,6.133918347606179,7.935659730886838,-1.7198899992772485,0.0,0.0
3.056244507163991,3.9001851678542994,4.337696824565916,-4.564287953509757,0.0,0.0
4.721983171409408,5.871676686317759,-6.916178270957523,2.500042714394659,0.0,0.0
2.458668329173916,4.013663842947988,-5.446435437144274,5.479180931701323,0.0,0.0
1.255433402133129,4.075730903929308,-3.286791509141989,3.0169189552123807,0.0,1.0
4.994552694089652,6.7690767378971195,0.6609998906644964,-2.64546022176868,0.0,1.0
1.6005993696423464,4.389411977078858,-1.408710441173647,-4.442241910601167,1.0,1.0
2.454622326107324,5.014616422905477,1.6764285503502636,3.0964383230440102,1.0,1.0
3.0040104529865737,4.976723535874598,3.8949086120134746,1.6302748480665485,0.0,0.0
4.149693708604762,7.028645041245212,-5.478299576453549,5.677306000015447,0.0,0.0
0.6963475504885057,1.810305891222423,7.893134157335559,4.249383445417451,0.0,1.0
1.775233224725556,3.9051729542132585,2.043371996939784,3.288288836422343,0.0,1.0
1.1929403163246997,2.332342410836409,2.586126059978374,1.2968564522705848,0.0,0.0
3.1643023807772557,3.3058980077186795,-0.7072253678890232,-7.854528121425177,0.0,1.0
2.5870353148880048,3.3772680143307676,4.378667272481769,5.6048926115423585,0.0,0.0
2.823910823519301,5.407511938582747,2.3558283745194277,8.963226369356159,0.0,0.0
4.386669236082954,5.66987937397573,-5.354622325779468,-0.2773455016172134,1.0,1.0
1.5663685208466673,2.7187615102721505,0.793070026651441,6.897482318737076,0.0,0.0
1.2298540518257637,1.7766676669660126,-0.5520410632646756,5.231783236541021,0.0,1.0
2.0634592320045515,4.25347311346904,6.10134936381769,0.7222842356313293,1.0,0.0
2.8528153937037484,3.2885286496094865,-8.900134976734238,-0.32818320521174704,0.0,1.0
1.5031533423840706,2.6588795407183614,-9.510577058961555,2.5573064802488634,0.0,0.0
2.298357375364489,4.852737277301255,1.0909560308926645,8.630548982917515,0.0,0.0
4.701970878957939,7.104499927342356,9.309738002191173,1.5357946498710404,0.0,1.0
4.7486927486076445,6.651053706139154,1.6882376676366673,-2.8358680211379514,0.0,0.0
2.443986640639808,4.7555238610567905,-2.3196764908256715,9.256727114282308,0.0,0.0
1.910287502900082,2.5814138587794093,-2.455296786436986,-5.7732973992536385,0.0,0.0
4.745958387246994,6.527155018969756,-2.7895491747102836,8.036629145650902,1.0,0.0
0.5811393599013389,1.813761314818406,1.9996839928799686,-2.930897981003379,0.0,0.0
3.494595446191286,6.293868279105399,-6.383564464706861,2.411151712893471,0.0,0.0
4.945686190773914,5.955352724199246,4.173336065418573,5.584827621065224,0.0,0.0
4.11216097678318,7.073599213959893,-7.299073702250584,5.468509994890297,0.0,1.0
4.737398152872634,5.533871591931707,3.028962086337979,-2.266422357614042,0.0,0.0
3.5146218181781297,4.064761669809399,-1.0902692311685058,3.4070702206698655,0.0,0.0
0.6694644456771175,2.128646476518802,-4.436865997785349,-4.723970722632671,0.0,0.0
2.937521347497749,4.015579356878,2.6858989269718494,-6.119718009862204,0.0,1.0
2.47977700182869,4.853331169166885,-5.975641322807123,3.2520020067790596,0.0,0.0
1.595675207264214,2.6465083757812318,4.469948147521494,5.835511581016756,0.0,1.0
3.751858705314525,4.7951426995932,1.7004487001953925,2.370814470861742,1.0,1.0
3.1964258569129944,5.159959165361299,4.959706463878449,-7.773479689447846,1.0,0.0
4.667309171880457,7.568383547093751,-2.359539359750793,4.441588170141561,1.0,0.0
1.7293018235345488,2.5733069607964842,0.8060966192933342,8.003270458490634,0.0,0.0
1.486625661103559,4.07613854010927,1.7283668165909944,-7.071892421165181,1.0,0.0
4.117535297823297,6.407303953231725,5.134361240992803,0.28757852646126913,1.0,0.0
2.5876861401856153,5.300753322269449,4.304465497352724,-2.3171418185838855,0.0,1.0
2.776446821369295,4.1634104388305495,-0.677071299992615,7.255495746481332,0.0,1.0
1.5356464971826145,1.876443992909052,0.8838945015956337,-6.8783311087911745,1.0,0.0
4.230680389604116,6.8280711637348395,1.7867638254919023,-4.075541901048551,0.0,0.0
4.306917748395582,6.812768615959735,-3.499188024718501,-2.208773612310593,0.0,1.0
4.123361932378537,4.762460869499189,4.732519638579935,0.2666756442897109,0.0,1.0
4.069838995842641,4.568037314901142,1.8510921480016382,-7.4465819068415,1.0,0.0
2.438145465288488,4.65446527717366,-3.8615118490939144,5.245902436886219,0.0,1.0
0.9446903249371748,2.520532271051339,3.183024062667902,0.12129808191873474,0.0,0.0
2.5836004370114507,5.033600887710502,-4.93498077608334,-2.373079284589605,0.0,0.0
4.360656790439398,5.505743124620186,4.3392175351866005,3.004952264687146,0.0,0.0
4.980018863970024,7.929219276065505,3.6154032584234814,-0.46473558132957304,1.0,0.0
1.7984739309011015,2.381548350448867,-7.501623044654304,2.7043705607448962,0.0,0.0
3.987157645702886,5.718265876607795,2.9905407098014676,-0.5873315090015492,0.0,1.0
4.726942395982171,5.541251764809125,0.45070191669741355,4.376984732394336,0.0,1.0
3.3556828988306036,3.7837735016585823,3.137262458778712,-3.1171035313627575,0.0,0.0
2.8923715140514727,5.453137265554238,5.413891140034752,0.8280319838094861,0.0,0.0
1.9714846037195968,4.340084466913767,-7.985599764419702,4.482269980902108,0.0,0.0
0.8361768276029581,2.689774336582879,-6.8533622888789125,2.2371720093738756,0.0,0.0
0.662908371942938,1.5467716668309222,1.7057955307786838,6.393857985006382,0.0,0.0
1.7810835362450486,3.971746866489289,4.024936157288483,-1.0223535940622444,0.0,0.0
3.8413251984701846,6.687729767489802,-2.203805542481209,1.9116312333969134,0.0,1.0
4.0600619450272735,5.387179428311133,1.7406704522913066,1.8949817174714656,0.0,0.0
1.5059462225834963,3.714034108065403,-2.15412151885642,-1.3550615565497501,0.0,0.0
1.9105823244421791,2.17828141797592,-1.5747799704627021,-7.390374456534533,0.0,1.0
4.639065877769395,5.253726090869119,-6.625376910488068,-0.3010605483108908,0.0,0.0
2.3625332302700626,4.134246179302642,-0.9512918113194723,2.614116108501677,1.0,0.0
2.8534563785928655,4.470134637753699,-5.822144266243918,-4.688842294371419,0.0,0.0
1.6204381146212794,3.055805403220651,0.6048159800107054,4.709083104266901,0.0,0.0
1.2456240638450775,3.454477674694804,2.8557411857133888,4.992531674510427,0.0,0.0
3.106491015854851,5.994955221883716,3.5106080662770807,-0.569636496046583,0.0,0.0
2.575832352456792,4.754448066237922,-6.092056353991082,3.606202098433207,1.0,0.0
1.4270393379054305,1.508549194116561,1.9328048621762663,1.0813088342753108,0.0,1.0
3.106523565685133,4.223209535888439,-5.239053350395554,4.079142516556986,0.0,0.0
4.908082423862464,5.964463953540711,5.9831970973823445,-2.7363328636944892,1.0,0.0
1.1903331620053652,2.5829173253489506,-2.6097082185484224,-5.232764589787611,1.0,0.0
4.944944508451048,6.494684919069591,-1.9442805276264716,-7.494478426132873,0.0,1.0
2.9139468404542526,3.6278422259887804,3.0292879526097516,0.711058796219558,0.0,0.0
2.78529282189541,2.916523684681562,6.011131577558809,2.2603231919798352,0.0,0.0
3.0299129754574436,3.4517624263467668,-2.2992665380079846,-6.947258245707054,1.0,0.0
2.8222267443309197,3.4142292870217275,0.4426611970997608,2.2947366642809484,0.0,0.0
1.083091689827684,2.9910612728179595,-4.553948810855039,6.986259566046985,1.0,0.0
2.5628217453562714,4.685720913886838,1.0969619692788684,-8.651457150733153,0.0,0.0
2.614670505645412,2.6968687833486866,-6.610427224456073,3.143710290640629,1.0,0.0
4.121882722210759,4.222090739050172,-3.362563306948826,-8.046729971104096,0.0,0.0
4.895761192072806,6.190905735827325,-3.535457595591237,-2.851910091177715,0.0,1.0
3.721062693515635,5.601735156309905,2.0689642398730097,-8.80026807545018,1.0,0.0
1.3989408327610005,3.874160410231614,2.060029580440235,-0.4659686097734281,1.0,0.0
3.777212295778872,4.339021002441631,-6.462387630229337,-6.599957152608305,1.0,0.0
2.8636197414210214,4.053898664634908,-5.156646073443614,8.289670014807673,0.0,0.0
2.1971964362208034,2.4145946886964964,-6.519125268042338,6.633842555868538,0.0,0.0
4.194577817884188,6.596739954860246,-3.3300372033902543,-2.7448508098181876,0.0,0.0
4.213480397099094,5.405533340697005,9.923646900487816,-0.19662889714156323,0.0,0.0
2.5735308026712578,3.2925559360330254,-1.966363821535631,-3.0185007098865926,0.0,0.0
3.3007073354440157,3.4169876113888358,-0.9706391154722521,4.7229494972777095,0.0,0.0
2.25446192538244,2.849441738330351,-1.9721626077560739,8.950335713979253,1.0,0.0
2.782214400943608,4.752408120650787,2.1302329782422067,0.33870430474884744,0.0,0.0
3.4891698841544807,4.871126977001645,1.7762362539504246,4.403571339473601,0.0,0.0
1.5212151016045228,1.6931387903057744,-1.1841939682012244,2.7720276327716573,0.0,1.0
1.9746777042075254,3.3393957578506885,-4.942534588556522,-6.212772186234566,0.0,0.0
2.698358640198255,4.4479038120278585,4.212645976858906,-1.4115551504535713,0.0,1.0
4.317730818592452,7.166475982175859,-3.845920855351183,-1.2101706297747703,0.0,1.0
2.060284895363237,3.300946929954725,1.4028012954096238,5.669693109260307,0.0,1.0
2.704672537188501,4.576849396039648,-2.854277791890386,-0.568803582756087,1.0,1.0
1.8570537075726798,3.9885698389938877,-1.0523743798427612,5.401615647664061,0.0,0.0
3.8106172633623268,5.870034123577801,3.108339927166087,0.9404575815602704,1.0,0.0
2.837894949348767,4.2976487290928524,4.482453147408465,4.084008998477651,1.0,0.0
1.5011491507682786,4.141919334229897,-0.884727145842826,-2.8471372615222164,0.0,1.0
2.1145390947045533,3.995371840790001,-2.515300543785439,5.267084264976013,0.0,0.0
2.6707610346025557,4.649523159381635,5.944110167175968,5.514306911686095,0.0,0.0
2.871408169754287,4.368646998214234,0.9940980929187617,-7.080333225004678,0.0,0.0
4.742851202611629,6.2918836864164716,-1.1168772846783888,-6.174162740422503,0.0,0.0
1.8877461026878568,3.717279430115405,1.9403013463091068,5.027035969783656,1.0,1.0
1.0602234770360517,2.016285349782281,-1.8204135039410936,-1.3916177184124603,0.0,0.0
4.130476464833545,4.759706159187434,-1.9745473066082195,6.06363704542341,1.0,0.0
